problem_id,attempt_id,minimum_n_operators,goal,success,plan,sampled_operators
train_0,0,10,"(:goal
	(exists (?i - inventory)
(exists (?o - object)
(and 
		(inventory-holding ?i ?o)
		(object-of-type ?o BeetrootSoup))))
)",False,,"['craft-cooked-potato1_0', 'craft-beetroot-soup_2', 'craft-cooked-potato_2', 'craft-boat_2', 'craft-boat_0', 'craft-stick_2', 'craft-cooked-potato1_1', 'craft-stick1_1', 'cook-food_0', 'craft-cooked-potato_1', 'craft-stick_1', 'craft-bowl_0', 'cook-food_2', 'craft-bowl1_1', 'craft-bowl_1', 'craft-boat_1', 'craft-cooked-potato1_2', 'craft-bowl1_2', 'cook-food_1']"
train_0,1,10,"(:goal
	(exists (?i - inventory)
(exists (?o - object)
(and 
		(inventory-holding ?i ?o)
		(object-of-type ?o BeetrootSoup))))
)",False,,"['craft-cooked-potato1_0', 'craft-beetroot-soup_2', 'craft-cooked-potato_2', 'craft-boat_2', 'craft-boat_0', 'craft-stick_2', 'craft-cooked-potato1_1', 'craft-stick1_1', 'cook-food_0', 'craft-cooked-potato_1', 'craft-stick_1', 'craft-bowl_0', 'cook-food_2', 'craft-bowl1_1', 'craft-bowl_1', 'craft-boat_1', 'craft-cooked-potato1_2', 'craft-bowl1_2', 'cook-food_1']"
train_0,2,10,"(:goal
	(exists (?i - inventory)
(exists (?o - object)
(and 
		(inventory-holding ?i ?o)
		(object-of-type ?o BeetrootSoup))))
)",False,,"['craft-cooked-potato1_0', 'craft-beetroot-soup_2', 'craft-cooked-potato_2', 'craft-boat_2', 'craft-boat_0', 'craft-stick_2', 'craft-cooked-potato1_1', 'craft-stick1_1', 'cook-food_0', 'craft-cooked-potato_1', 'craft-stick_1', 'craft-bowl_0', 'cook-food_2', 'craft-bowl1_1', 'craft-bowl_1', 'craft-boat_1', 'craft-cooked-potato1_2', 'craft-bowl1_2', 'cook-food_1']"
train_1,0,10,"(:goal
	(exists (?i - inventory)
(exists (?o - object)
(and 
		(inventory-holding ?i ?o)
		(object-of-type ?o Paper))))
)",True,"(move-to t1 t5)
(pick-up i1 o21 t5)
(move-to t5 t2)
(craft-paper_1 t2 o1 i1 o21 i1 o21 i2 o22)","['craft-cooked-potato1_0', 'craft-beetroot-soup_2', 'craft-cooked-potato_2', 'craft-boat_2', 'craft-boat_0', 'craft-stick_2', 'craft-cooked-potato1_1', 'craft-stick1_1', 'cook-food_0', 'craft-cooked-potato_1', 'craft-stick_1', 'craft-bowl_0', 'cook-food_2', 'craft-bowl1_1', 'craft-bowl_1', 'craft-boat_1', 'craft-cooked-potato1_2', 'craft-bowl1_2', 'cook-food_1']"
train_2,0,10,"(:goal
	(exists (?i - inventory)
(exists (?o - object)
(and 
		(inventory-holding ?i ?o)
		(object-of-type ?o Shears))))
)",True,"(move-to t1 t7)
(pick-up i1 o12 t7)
(move-to t7 t10)
(craft-shears1_0 t10 o3 i1 o12 i2 o22)","['craft-cooked-potato1_0', 'craft-beetroot-soup_2', 'craft-cooked-potato_2', 'craft-boat_2', 'craft-boat_0', 'craft-stick_2', 'craft-cooked-potato1_1', 'craft-stick1_1', 'cook-food_0', 'craft-cooked-potato_1', 'craft-stick_1', 'craft-bowl_0', 'cook-food_2', 'craft-bowl1_1', 'craft-bowl_1', 'craft-boat_1', 'craft-cooked-potato1_2', 'craft-bowl1_2', 'cook-food_1']"
train_3,0,10,"(:goal
	(exists (?i - inventory)
(exists (?o - object)
(and 
		(inventory-holding ?i ?o)
		(object-of-type ?o Paper))))
)",True,"(move-to t1 t14)
(pick-up i1 o21 t14)
(move-to t14 t5)
(craft-paper_1 t5 o1 i1 o21 i1 o21 i2 o22)","['craft-cooked-potato1_0', 'craft-beetroot-soup_2', 'craft-cooked-potato_2', 'craft-boat_2', 'craft-boat_0', 'craft-stick_2', 'craft-cooked-potato1_1', 'craft-stick1_1', 'cook-food_0', 'craft-cooked-potato_1', 'craft-stick_1', 'craft-bowl_0', 'cook-food_2', 'craft-bowl1_1', 'craft-bowl_1', 'craft-boat_1', 'craft-cooked-potato1_2', 'craft-bowl1_2', 'cook-food_1']"
train_4,0,10,"(:goal
	(exists (?i - inventory)
(exists (?o - object)
(and 
		(inventory-holding ?i ?o)
		(object-of-type ?o Arrow))))
)",True,"(move-to t1 t8)
(pick-up i1 o10 t8)
(move-to t8 t3)
(pick-up i2 o11 t3)
(craft-arrow i1 i2 i3 o2 o10 o11 o22 t3)","['craft-cooked-potato1_0', 'craft-beetroot-soup_2', 'craft-cooked-potato_2', 'craft-boat_2', 'craft-boat_0', 'craft-stick_2', 'craft-cooked-potato1_1', 'craft-stick1_1', 'cook-food_0', 'craft-cooked-potato_1', 'craft-stick_1', 'craft-bowl_0', 'cook-food_2', 'craft-bowl1_1', 'craft-bowl_1', 'craft-boat_1', 'craft-cooked-potato1_2', 'craft-bowl1_2', 'cook-food_1']"
train_5,0,10,"(:goal
	(exists (?i - inventory)
(exists (?o - object)
(and 
		(inventory-holding ?i ?o)
		(object-of-type ?o WoodPlank))))
)",True,"(move-to t1 t4)
(pick-up i1 o8 t4)
(move-to t4 t8)
(craft-wood-plank i1 i2 o1 o8 o21 t8)","['craft-cooked-potato1_0', 'craft-beetroot-soup_2', 'craft-cooked-potato_2', 'craft-boat_2', 'craft-boat_0', 'craft-stick_2', 'craft-cooked-potato1_1', 'craft-stick1_1', 'cook-food_0', 'craft-cooked-potato_1', 'craft-stick_1', 'craft-bowl_0', 'cook-food_2', 'craft-bowl1_1', 'craft-bowl_1', 'craft-boat_1', 'craft-cooked-potato1_2', 'craft-bowl1_2', 'cook-food_1']"
train_6,0,10,"(:goal
	(exists (?i - inventory)
(exists (?o - object)
(and 
		(inventory-holding ?i ?o)
		(object-of-type ?o Shears))))
)",True,"(move-to t1 t7)
(pick-up i1 o12 t7)
(move-to t7 t1)
(craft-shears1_0 t1 o3 i1 o12 i2 o22)","['craft-cooked-potato1_0', 'craft-beetroot-soup_2', 'craft-cooked-potato_2', 'craft-boat_2', 'craft-boat_0', 'craft-stick_2', 'craft-cooked-potato1_1', 'craft-stick1_1', 'cook-food_0', 'craft-cooked-potato_1', 'craft-stick_1', 'craft-bowl_0', 'cook-food_2', 'craft-bowl1_1', 'craft-bowl_1', 'craft-boat_1', 'craft-cooked-potato1_2', 'craft-bowl1_2', 'cook-food_1']"
train_7,0,10,"(:goal
	(exists (?i - inventory)
(exists (?o1 - object)
(exists (?o2 - object)
(and 
		(inventory-holding ?i ?o1)
		(inventory-holding ?i ?o2)
		(object-of-type ?o1 Beetroot)
		(object-of-type ?o2 Bowl)))))
)",False,,"['craft-cooked-potato1_0', 'craft-beetroot-soup_2', 'craft-cooked-potato_2', 'craft-boat_2', 'craft-boat_0', 'craft-stick_2', 'craft-cooked-potato1_1', 'craft-stick1_1', 'cook-food_0', 'craft-cooked-potato_1', 'craft-stick_1', 'craft-bowl_0', 'cook-food_2', 'craft-bowl1_1', 'craft-bowl_1', 'craft-boat_1', 'craft-cooked-potato1_2', 'craft-bowl1_2', 'cook-food_1']"
train_7,1,10,"(:goal
	(exists (?i - inventory)
(exists (?o1 - object)
(exists (?o2 - object)
(and 
		(inventory-holding ?i ?o1)
		(inventory-holding ?i ?o2)
		(object-of-type ?o1 Beetroot)
		(object-of-type ?o2 Bowl)))))
)",False,,"['craft-cooked-potato1_0', 'craft-beetroot-soup_2', 'craft-cooked-potato_2', 'craft-boat_2', 'craft-boat_0', 'craft-stick_2', 'craft-cooked-potato1_1', 'craft-stick1_1', 'cook-food_0', 'craft-cooked-potato_1', 'craft-stick_1', 'craft-bowl_0', 'cook-food_2', 'craft-bowl1_1', 'craft-bowl_1', 'craft-boat_1', 'craft-cooked-potato1_2', 'craft-bowl1_2', 'cook-food_1']"
train_7,2,10,"(:goal
	(exists (?i - inventory)
(exists (?o1 - object)
(exists (?o2 - object)
(and 
		(inventory-holding ?i ?o1)
		(inventory-holding ?i ?o2)
		(object-of-type ?o1 Beetroot)
		(object-of-type ?o2 Bowl)))))
)",False,,"['craft-cooked-potato1_0', 'craft-beetroot-soup_2', 'craft-cooked-potato_2', 'craft-boat_2', 'craft-boat_0', 'craft-stick_2', 'craft-cooked-potato1_1', 'craft-stick1_1', 'cook-food_0', 'craft-cooked-potato_1', 'craft-stick_1', 'craft-bowl_0', 'cook-food_2', 'craft-bowl1_1', 'craft-bowl_1', 'craft-boat_1', 'craft-cooked-potato1_2', 'craft-bowl1_2', 'cook-food_1']"
train_8,0,10,"(:goal
	(exists (?i - inventory)
(exists (?o - object)
(and 
		(inventory-holding ?i ?o)
		(object-of-type ?o Stick))))
)",True,"(move-to t1 t12)
(pick-up i1 o8 t12)
(move-to t12 t2)
(pick-up i2 o11 t2)
(move-to t2 t5)
(craft-stick_2 t5 o1 i1 o8 i2 o11 i3 o21)","['craft-cooked-potato1_0', 'craft-beetroot-soup_2', 'craft-cooked-potato_2', 'craft-boat_2', 'craft-boat_0', 'craft-stick_2', 'craft-cooked-potato1_1', 'craft-stick1_1', 'cook-food_0', 'craft-cooked-potato_1', 'craft-stick_1', 'craft-bowl_0', 'cook-food_2', 'craft-bowl1_1', 'craft-bowl_1', 'craft-boat_1', 'craft-cooked-potato1_2', 'craft-bowl1_2', 'cook-food_1']"
train_8,1,10,"(:goal
	(exists (?i - inventory)
(exists (?o - object)
(and 
		(inventory-holding ?i ?o)
		(object-of-type ?o Stick))))
)",True,"(move-to t1 t12)
(pick-up i1 o8 t12)
(move-to t12 t5)
(craft-stick1_1 t5 o1 i1 o8 i1 o8 i2 o21)","['craft-stick1_1', 'craft-bowl1_1', 'craft-bowl_1', 'craft-boat_0', 'craft-boat_1', 'craft-cooked-potato1_0', 'craft-cooked-potato1_2', 'craft-beetroot-soup_2', 'craft-bowl1_2', 'cook-food_0', 'cook-food_2', 'craft-cooked-potato_2', 'craft-cooked-potato_1', 'craft-stick_1', 'craft-cooked-potato1_1', 'craft-bowl_0', 'cook-food_1', 'craft-boat_2']"
train_8,2,10,"(:goal
	(exists (?i - inventory)
(exists (?o - object)
(and 
		(inventory-holding ?i ?o)
		(object-of-type ?o Stick))))
)",True,"(move-to t1 t12)
(pick-up i1 o8 t12)
(move-to t12 t1)
(pick-up i2 o13 t1)
(move-to t1 t5)
(craft-stick_1 t5 o1 i1 o8 i2 o13 i3 o21)","['craft-bowl1_1', 'craft-bowl_1', 'craft-boat_0', 'craft-boat_1', 'craft-cooked-potato1_0', 'craft-cooked-potato1_2', 'craft-beetroot-soup_2', 'craft-bowl1_2', 'cook-food_0', 'cook-food_2', 'craft-cooked-potato_2', 'craft-cooked-potato_1', 'craft-stick_1', 'craft-cooked-potato1_1', 'craft-bowl_0', 'cook-food_1', 'craft-boat_2']"
train_9,0,10,"(:goal
	(exists (?i - inventory)
(exists (?o - object)
(and 
		(inventory-holding ?i ?o)
		(object-of-type ?o BeetrootSoup))))
)",False,,"['craft-bowl1_1', 'craft-bowl_1', 'craft-boat_0', 'craft-boat_1', 'craft-cooked-potato1_0', 'craft-cooked-potato1_2', 'craft-beetroot-soup_2', 'craft-bowl1_2', 'cook-food_0', 'cook-food_2', 'craft-cooked-potato_2', 'craft-cooked-potato_1', 'craft-cooked-potato1_1', 'craft-bowl_0', 'cook-food_1', 'craft-boat_2']"
train_9,1,10,"(:goal
	(exists (?i - inventory)
(exists (?o - object)
(and 
		(inventory-holding ?i ?o)
		(object-of-type ?o BeetrootSoup))))
)",False,,"['craft-bowl1_1', 'craft-bowl_1', 'craft-boat_0', 'craft-boat_1', 'craft-cooked-potato1_0', 'craft-cooked-potato1_2', 'craft-beetroot-soup_2', 'craft-bowl1_2', 'cook-food_0', 'cook-food_2', 'craft-cooked-potato_2', 'craft-cooked-potato_1', 'craft-stick_1', 'craft-cooked-potato1_1', 'craft-bowl_0', 'cook-food_1', 'craft-boat_2']"
train_9,2,10,"(:goal
	(exists (?i - inventory)
(exists (?o - object)
(and 
		(inventory-holding ?i ?o)
		(object-of-type ?o BeetrootSoup))))
)",False,,"['craft-bowl1_1', 'craft-bowl_1', 'craft-boat_0', 'craft-boat_1', 'craft-cooked-potato1_0', 'craft-cooked-potato1_2', 'craft-beetroot-soup_2', 'craft-bowl1_2', 'cook-food_0', 'cook-food_2', 'craft-cooked-potato_2', 'craft-cooked-potato_1', 'craft-stick_1', 'craft-cooked-potato1_1', 'craft-bowl_0', 'cook-food_1', 'craft-boat_2']"
train_10,0,10,"(:goal
	(exists (?i - inventory)
(exists (?o - object)
(and 
		(inventory-holding ?i ?o)
		(object-of-type ?o Paper))))
)",True,"(pick-up i1 o21 t1)
(move-to t1 t12)
(craft-paper_1 t12 o1 i1 o21 i1 o21 i2 o22)","['craft-bowl1_1', 'craft-bowl_1', 'craft-boat_0', 'craft-boat_1', 'craft-cooked-potato1_0', 'craft-cooked-potato1_2', 'craft-beetroot-soup_2', 'craft-bowl1_2', 'cook-food_0', 'cook-food_2', 'craft-cooked-potato_2', 'craft-cooked-potato_1', 'craft-cooked-potato1_1', 'craft-bowl_0', 'cook-food_1', 'craft-boat_2']"
train_11,0,10,"(:goal
	(exists (?i - inventory)
(exists (?o - object)
(and 
		(inventory-holding ?i ?o)
		(object-of-type ?o Arrow))))
)",True,"(move-to t1 t10)
(pick-up i1 o10 t10)
(move-to t10 t3)
(pick-up i2 o11 t3)
(move-to t3 t8)
(craft-arrow i1 i2 i3 o2 o10 o11 o22 t8)","['craft-stick1_1', 'craft-bowl1_1', 'craft-bowl_1', 'craft-boat_0', 'craft-boat_1', 'craft-cooked-potato1_0', 'craft-cooked-potato1_2', 'craft-beetroot-soup_2', 'craft-bowl1_2', 'cook-food_0', 'cook-food_2', 'craft-cooked-potato_2', 'craft-cooked-potato_1', 'craft-cooked-potato1_1', 'craft-bowl_0', 'cook-food_1', 'craft-boat_2']"
train_12,0,10,"(:goal
	(exists (?i - inventory)
(exists (?o - object)
(and 
		(inventory-holding ?i ?o)
		(object-of-type ?o Bowl))))
)",False,,"['craft-bowl1_1', 'craft-bowl_1', 'craft-boat_0', 'craft-boat_1', 'craft-cooked-potato1_0', 'craft-cooked-potato1_2', 'craft-beetroot-soup_2', 'craft-bowl1_2', 'cook-food_0', 'cook-food_2', 'craft-cooked-potato_2', 'craft-cooked-potato_1', 'craft-cooked-potato1_1', 'craft-bowl_0', 'cook-food_1', 'craft-boat_2']"
train_12,1,10,"(:goal
	(exists (?i - inventory)
(exists (?o - object)
(and 
		(inventory-holding ?i ?o)
		(object-of-type ?o Bowl))))
)",False,,"['craft-bowl1_1', 'craft-bowl_1', 'craft-boat_0', 'craft-boat_1', 'craft-cooked-potato1_0', 'craft-cooked-potato1_2', 'craft-beetroot-soup_2', 'craft-bowl1_2', 'cook-food_0', 'cook-food_2', 'craft-cooked-potato_2', 'craft-cooked-potato_1', 'craft-cooked-potato1_1', 'craft-bowl_0', 'cook-food_1', 'craft-boat_2']"
train_12,2,10,"(:goal
	(exists (?i - inventory)
(exists (?o - object)
(and 
		(inventory-holding ?i ?o)
		(object-of-type ?o Bowl))))
)",False,,"['craft-stick1_1', 'craft-bowl1_1', 'craft-bowl_1', 'craft-boat_0', 'craft-boat_1', 'craft-cooked-potato1_0', 'craft-cooked-potato1_2', 'craft-beetroot-soup_2', 'craft-bowl1_2', 'cook-food_0', 'cook-food_2', 'craft-cooked-potato_2', 'craft-cooked-potato_1', 'craft-cooked-potato1_1', 'craft-bowl_0', 'cook-food_1', 'craft-boat_2']"
train_13,0,10,"(:goal
	(exists (?i - inventory)
(exists (?o - object)
(and 
		(inventory-holding ?i ?o)
		(object-of-type ?o Paper))))
)",True,"(move-to t1 t2)
(pick-up i1 o21 t2)
(move-to t2 t7)
(craft-paper_1 t7 o1 i1 o21 i1 o21 i2 o22)","['craft-bowl1_1', 'craft-bowl_1', 'craft-boat_0', 'craft-boat_1', 'craft-cooked-potato1_0', 'craft-cooked-potato1_2', 'craft-beetroot-soup_2', 'craft-bowl1_2', 'cook-food_0', 'cook-food_2', 'craft-cooked-potato_2', 'craft-cooked-potato_1', 'craft-cooked-potato1_1', 'craft-bowl_0', 'cook-food_1', 'craft-boat_2']"
train_14,0,10,"(:goal
	(exists (?i - inventory)
(exists (?o - object)
(and 
		(inventory-holding ?i ?o)
		(object-of-type ?o Arrow))))
)",True,"(move-to t1 t7)
(pick-up i1 o10 t7)
(move-to t7 t14)
(pick-up i2 o11 t14)
(move-to t14 t10)
(craft-arrow i1 i2 i3 o2 o10 o11 o22 t10)","['craft-bowl1_1', 'craft-bowl_1', 'craft-boat_0', 'craft-boat_1', 'craft-cooked-potato1_0', 'craft-cooked-potato1_2', 'craft-beetroot-soup_2', 'craft-bowl1_2', 'cook-food_0', 'cook-food_2', 'craft-cooked-potato_2', 'craft-cooked-potato_1', 'craft-stick_1', 'craft-cooked-potato1_1', 'craft-bowl_0', 'cook-food_1', 'craft-boat_2']"
train_15,0,10,"(:goal
	(exists (?i - inventory)
(exists (?o - object)
(and 
		(inventory-holding ?i ?o)
		(object-of-type ?o BeetrootSoup))))
)",False,,"['craft-bowl1_1', 'craft-bowl_1', 'craft-boat_0', 'craft-boat_1', 'craft-cooked-potato1_0', 'craft-cooked-potato1_2', 'craft-beetroot-soup_2', 'craft-bowl1_2', 'cook-food_0', 'cook-food_2', 'craft-cooked-potato_2', 'craft-cooked-potato_1', 'craft-cooked-potato1_1', 'craft-bowl_0', 'cook-food_1', 'craft-boat_2']"
train_15,1,10,"(:goal
	(exists (?i - inventory)
(exists (?o - object)
(and 
		(inventory-holding ?i ?o)
		(object-of-type ?o BeetrootSoup))))
)",False,,"['craft-bowl1_1', 'craft-bowl_1', 'craft-boat_0', 'craft-boat_1', 'craft-cooked-potato1_0', 'craft-cooked-potato1_2', 'craft-beetroot-soup_2', 'craft-bowl1_2', 'cook-food_0', 'cook-food_2', 'craft-cooked-potato_2', 'craft-cooked-potato_1', 'craft-cooked-potato1_1', 'craft-bowl_0', 'cook-food_1', 'craft-boat_2']"
train_15,2,10,"(:goal
	(exists (?i - inventory)
(exists (?o - object)
(and 
		(inventory-holding ?i ?o)
		(object-of-type ?o BeetrootSoup))))
)",False,,"['craft-bowl1_1', 'craft-bowl_1', 'craft-boat_0', 'craft-boat_1', 'craft-cooked-potato1_0', 'craft-cooked-potato1_2', 'craft-beetroot-soup_2', 'craft-bowl1_2', 'cook-food_0', 'cook-food_2', 'craft-cooked-potato_2', 'craft-cooked-potato_1', 'craft-cooked-potato1_1', 'craft-bowl_0', 'cook-food_1', 'craft-boat_2']"
train_16,0,10,"(:goal
	(exists (?i - inventory)
(exists (?o - object)
(and 
		(inventory-holding ?i ?o)
		(object-of-type ?o Sword))))
)",True,"(move-to t1 t11)
(pick-up i1 o10 t11)
(move-to t11 t4)
(pick-up i2 o12 t4)
(move-to t4 t12)
(craft-sword_1 t12 o2 i1 o10 i2 o12 i3 o22)","['craft-bowl1_1', 'craft-bowl_1', 'craft-boat_0', 'craft-boat_1', 'craft-cooked-potato1_0', 'craft-cooked-potato1_2', 'craft-beetroot-soup_2', 'craft-bowl1_2', 'cook-food_0', 'cook-food_2', 'craft-cooked-potato_2', 'craft-cooked-potato_1', 'craft-stick_1', 'craft-cooked-potato1_1', 'craft-bowl_0', 'cook-food_1', 'craft-boat_2']"
train_17,0,10,"(:goal
	(exists (?i - inventory)
(exists (?o - object)
(and 
		(inventory-holding ?i ?o)
		(object-of-type ?o Bed))))
)",True,"(move-to t1 t15)
(pick-up i1 o9 t15)
(move-to t15 t1)
(pick-up i2 o17 t1)
(move-to t1 t10)
(craft-bed_1 t10 o1 i1 o9 i2 o17 i3 o22)","['craft-bowl1_1', 'craft-bowl_1', 'craft-boat_0', 'craft-boat_1', 'craft-cooked-potato1_0', 'craft-cooked-potato1_2', 'craft-beetroot-soup_2', 'craft-bowl1_2', 'cook-food_0', 'cook-food_2', 'craft-cooked-potato_2', 'craft-cooked-potato_1', 'craft-cooked-potato1_1', 'craft-bowl_0', 'cook-food_1', 'craft-boat_2']"
train_18,0,10,"(:goal
	(exists (?i - inventory)
(exists (?o - object)
(and 
		(inventory-holding ?i ?o)
		(object-of-type ?o Sword))))
)",True,"(move-to t1 t10)
(pick-up i1 o10 t10)
(move-to t10 t1)
(pick-up i2 o12 t1)
(move-to t1 t10)
(craft-sword_1 t10 o2 i1 o10 i2 o12 i3 o22)","['craft-bowl1_1', 'craft-bowl_1', 'craft-boat_0', 'craft-boat_1', 'craft-cooked-potato1_0', 'craft-cooked-potato1_2', 'craft-beetroot-soup_2', 'craft-bowl1_2', 'cook-food_0', 'cook-food_2', 'craft-cooked-potato_2', 'craft-cooked-potato_1', 'craft-cooked-potato1_1', 'craft-bowl_0', 'cook-food_1', 'craft-boat_2']"
train_19,0,10,"(:goal
	(exists (?i - inventory)
(exists (?o - object)
(and 
		(inventory-holding ?i ?o)
		(object-of-type ?o Boat))))
)",True,"(move-to t1 t14)
(pick-up i1 o8 t14)
(craft-boat_0 t14 o6 i1 o8 i1 o8 i2 o22)","['craft-bowl1_1', 'craft-bowl_1', 'craft-boat_0', 'craft-boat_1', 'craft-cooked-potato1_0', 'craft-cooked-potato1_2', 'craft-beetroot-soup_2', 'craft-bowl1_2', 'cook-food_0', 'cook-food_2', 'craft-cooked-potato_2', 'craft-cooked-potato_1', 'craft-cooked-potato1_1', 'craft-bowl_0', 'cook-food_1', 'craft-boat_2']"
train_19,1,10,"(:goal
	(exists (?i - inventory)
(exists (?o - object)
(and 
		(inventory-holding ?i ?o)
		(object-of-type ?o Boat))))
)",True,"(move-to t1 t14)
(pick-up i1 o8 t14)
(move-to t14 t2)
(pick-up i2 o15 t2)
(move-to t2 t14)
(craft-boat_1 t14 o6 i1 o8 i2 o15 i3 o22)","['craft-bowl1_1', 'craft-bowl_1', 'craft-beetroot-soup_1', 'craft-boat_1', 'craft-cooked-potato1_0', 'craft-cooked-potato1_2', 'craft-beetroot-soup_2', 'craft-bowl1_2', 'cook-food_0', 'cook-food_2', 'craft-cooked-potato_2', 'craft-cooked-potato_1', 'craft-cooked-potato1_1', 'craft-bowl_0', 'cook-food_1', 'craft-boat_2']"
train_19,2,10,"(:goal
	(exists (?i - inventory)
(exists (?o - object)
(and 
		(inventory-holding ?i ?o)
		(object-of-type ?o Boat))))
)",True,"(move-to t1 t14)
(pick-up i1 o8 t14)
(move-to t14 t2)
(pick-up i2 o15 t2)
(move-to t2 t14)
(craft-boat_1 t14 o6 i1 o8 i2 o15 i3 o22)","['craft-bowl1_1', 'craft-bowl_1', 'craft-boat_1', 'craft-cooked-potato1_0', 'craft-cooked-potato1_2', 'craft-beetroot-soup_2', 'craft-bowl1_2', 'cook-food_0', 'cook-food_2', 'craft-cooked-potato_2', 'craft-cooked-potato_1', 'craft-cooked-potato1_1', 'craft-bowl_0', 'cook-food_1', 'craft-boat_2']"
train_20,0,10,"(:goal
	(exists (?i - inventory)
(exists (?o - object)
(and 
		(inventory-holding ?i ?o)
		(object-of-type ?o Arrow))))
)",True,"(move-to t1 t3)
(pick-up i1 o10 t3)
(move-to t3 t13)
(pick-up i2 o11 t13)
(move-to t13 t9)
(craft-arrow i1 i2 i3 o2 o10 o11 o22 t9)","['craft-bowl1_1', 'craft-bowl_1', 'craft-cooked-potato1_0', 'craft-cooked-potato1_2', 'craft-beetroot-soup_2', 'craft-bowl1_2', 'cook-food_0', 'cook-food_2', 'craft-cooked-potato_2', 'craft-cooked-potato_1', 'craft-cooked-potato1_1', 'craft-bowl_0', 'cook-food_1', 'craft-boat_2']"
train_21,0,10,"(:goal
	(exists (?i - inventory)
(exists (?o - object)
(and 
		(inventory-holding ?i ?o)
		(object-of-type ?o Bowl))))
)",False,,"['craft-bowl1_1', 'craft-bowl_1', 'craft-cooked-potato1_0', 'craft-cooked-potato1_2', 'craft-beetroot-soup_2', 'craft-bowl1_2', 'cook-food_0', 'cook-food_2', 'craft-cooked-potato_2', 'craft-cooked-potato_1', 'craft-cooked-potato1_1', 'craft-bowl_0', 'cook-food_1', 'craft-boat_2']"
train_21,1,10,"(:goal
	(exists (?i - inventory)
(exists (?o - object)
(and 
		(inventory-holding ?i ?o)
		(object-of-type ?o Bowl))))
)",False,,"['craft-bowl1_1', 'craft-bowl_1', 'craft-beetroot-soup_1', 'craft-cooked-potato1_0', 'craft-cooked-potato1_2', 'craft-beetroot-soup_2', 'craft-bowl1_2', 'cook-food_0', 'cook-food_2', 'craft-cooked-potato_2', 'craft-cooked-potato_1', 'craft-cooked-potato1_1', 'craft-bowl_0', 'cook-food_1', 'craft-boat_2']"
train_21,2,10,"(:goal
	(exists (?i - inventory)
(exists (?o - object)
(and 
		(inventory-holding ?i ?o)
		(object-of-type ?o Bowl))))
)",False,,"['craft-bowl1_1', 'craft-bowl_1', 'craft-boat_1', 'craft-cooked-potato1_0', 'craft-cooked-potato1_2', 'craft-beetroot-soup_2', 'craft-bowl1_2', 'cook-food_0', 'cook-food_2', 'craft-cooked-potato_2', 'craft-cooked-potato_1', 'craft-cooked-potato1_1', 'craft-bowl_0', 'cook-food_1', 'craft-boat_2']"
train_22,0,10,"(:goal
	(exists (?i - inventory)
(exists (?o - object)
(and 
		(inventory-holding ?i ?o)
		(object-of-type ?o Arrow))))
)",True,"(move-to t1 t12)
(pick-up i1 o10 t12)
(move-to t12 t15)
(pick-up i2 o11 t15)
(move-to t15 t7)
(craft-arrow i1 i2 i3 o2 o10 o11 o22 t7)","['craft-bowl1_1', 'craft-bowl_1', 'craft-cooked-potato1_0', 'craft-cooked-potato1_2', 'craft-beetroot-soup_2', 'craft-bowl1_2', 'cook-food_0', 'cook-food_2', 'craft-cooked-potato_2', 'craft-cooked-potato_1', 'craft-cooked-potato1_1', 'craft-bowl_0', 'cook-food_1', 'craft-boat_2']"
train_23,0,10,"(:goal
	(exists (?i - inventory)
(exists (?o - object)
(and 
		(inventory-holding ?i ?o)
		(object-of-type ?o Sword))))
)",True,"(move-to t1 t15)
(pick-up i1 o10 t15)
(move-to t15 t10)
(pick-up i2 o12 t10)
(move-to t10 t7)
(craft-sword_1 t7 o2 i1 o10 i2 o12 i3 o22)","['craft-bowl1_1', 'craft-bowl_1', 'craft-cooked-potato1_0', 'craft-cooked-potato1_2', 'craft-beetroot-soup_2', 'craft-bowl1_2', 'craft-cooked-potato_0', 'cook-food_0', 'cook-food_2', 'craft-cooked-potato_2', 'craft-cooked-potato_1', 'craft-cooked-potato1_1', 'craft-bowl_0', 'cook-food_1', 'craft-boat_2']"
train_24,0,10,"(:goal
	(exists (?i - inventory)
(exists (?o - object)
(and 
		(inventory-holding ?i ?o)
		(object-of-type ?o Sword))))
)",True,"(move-to t1 t14)
(pick-up i1 o10 t14)
(move-to t14 t7)
(pick-up i2 o12 t7)
(move-to t7 t6)
(craft-sword_1 t6 o2 i1 o10 i2 o12 i3 o22)","['craft-bowl1_1', 'craft-bowl_1', 'craft-cooked-potato1_0', 'craft-cooked-potato1_2', 'craft-beetroot-soup_2', 'craft-bowl1_2', 'cook-food_0', 'cook-food_2', 'craft-cooked-potato_2', 'craft-cooked-potato_1', 'craft-cooked-potato1_1', 'craft-bowl_0', 'cook-food_1', 'craft-boat_2']"
train_25,0,10,"(:goal
	(exists (?i - inventory)
(exists (?o - object)
(and 
		(inventory-holding ?i ?o)
		(object-of-type ?o CookedPotato))))
)",True,"(move-to t1 t12)
(pick-up i1 o18 t12)
(move-to t12 t7)
(cook_0 t7 o7 i1 o18 i2 o22)","['craft-bowl1_1', 'craft-bowl_1', 'craft-cooked-potato1_0', 'craft-cooked-potato1_2', 'craft-beetroot-soup_2', 'craft-bowl1_2', 'cook-food_0', 'cook-food_2', 'craft-cooked-potato_2', 'craft-cooked-potato_1', 'craft-cooked-potato1_1', 'craft-bowl_0', 'cook-food_1', 'craft-boat_2']"
train_25,1,10,"(:goal
	(exists (?i - inventory)
(exists (?o - object)
(and 
		(inventory-holding ?i ?o)
		(object-of-type ?o CookedPotato))))
)",True,"(move-to t1 t12)
(pick-up i1 o18 t12)
(move-to t12 t7)
(cook_0 t7 o7 i1 o18 i2 o22)","['craft-bowl1_1', 'craft-bowl_1', 'craft-cooked-potato1_0', 'craft-cooked-potato1_2', 'craft-beetroot-soup_2', 'craft-bowl1_2', 'cook-food_0', 'cook-food_2', 'craft-cooked-potato_2', 'craft-cooked-potato_1', 'craft-cooked-potato1_1', 'craft-bowl_0', 'cook-food_1', 'craft-boat_2']"
train_25,2,10,"(:goal
	(exists (?i - inventory)
(exists (?o - object)
(and 
		(inventory-holding ?i ?o)
		(object-of-type ?o CookedPotato))))
)",True,"(move-to t1 t12)
(pick-up i1 o18 t12)
(move-to t12 t7)
(cook_0 t7 o7 i1 o18 i2 o22)","['craft-bowl1_1', 'craft-bowl_1', 'craft-cooked-potato1_0', 'craft-cooked-potato1_2', 'craft-beetroot-soup_2', 'craft-bowl1_2', 'cook-food_0', 'cook-food_2', 'craft-cooked-potato_2', 'craft-cooked-potato_1', 'craft-cooked-potato1_1', 'craft-bowl_0', 'cook-food_1', 'craft-boat_2']"
train_26,0,10,"(:goal
	(exists (?i - inventory)
(exists (?o - object)
(and 
		(inventory-holding ?i ?o)
		(object-of-type ?o CookedPotato))))
)",True,"(pick-up i1 o18 t1)
(move-to t1 t13)
(cook_0 t13 o7 i1 o18 i2 o22)","['craft-bowl1_1', 'craft-bowl_1', 'craft-cooked-potato1_0', 'craft-cooked-potato1_2', 'craft-beetroot-soup_2', 'craft-bowl1_2', 'cook-food_0', 'cook-food_2', 'craft-cooked-potato_2', 'craft-cooked-potato_1', 'craft-stick_1', 'craft-cooked-potato1_1', 'craft-bowl_0', 'cook-food_1', 'craft-boat_2']"
train_26,1,10,"(:goal
	(exists (?i - inventory)
(exists (?o - object)
(and 
		(inventory-holding ?i ?o)
		(object-of-type ?o CookedPotato))))
)",True,"(pick-up i1 o18 t1)
(move-to t1 t13)
(cook_0 t13 o7 i1 o18 i2 o22)","['craft-bowl1_1', 'craft-bowl_1', 'craft-cooked-potato1_0', 'craft-cooked-potato1_2', 'craft-beetroot-soup_2', 'craft-bowl1_2', 'cook-food_0', 'cook-food_2', 'craft-cooked-potato_2', 'craft-cooked-potato_1', 'craft-cooked-potato1_1', 'craft-bowl_0', 'cook-food_1', 'craft-boat_2']"
train_26,2,10,"(:goal
	(exists (?i - inventory)
(exists (?o - object)
(and 
		(inventory-holding ?i ?o)
		(object-of-type ?o CookedPotato))))
)",True,"(pick-up i1 o18 t1)
(move-to t1 t13)
(cook_0 t13 o7 i1 o18 i2 o22)","['craft-bowl1_1', 'craft-bowl_1', 'craft-cooked-potato1_0', 'craft-cooked-potato1_2', 'craft-beetroot-soup_2', 'craft-bowl1_2', 'cook-food_0', 'cook-food_2', 'craft-cooked-potato_2', 'craft-cooked-potato_1', 'craft-cooked-potato1_1', 'craft-bowl_0', 'cook-food_1', 'craft-boat_2']"
train_27,0,10,"(:goal
	(exists (?i - inventory)
(exists (?o - object)
(and 
		(inventory-holding ?i ?o)
		(object-of-type ?o IronIngot))))
)",True,"(move-to t1 t3)
(pick-up i1 o13 t3)
(move-to t3 t15)
(pick-up i2 o14 t15)
(move-to t15 t4)
(craft-iron-ingot_2 t4 o1 i1 o13 i2 o14 i3 o21)","['craft-stick1_1', 'craft-bowl1_1', 'craft-bowl_1', 'craft-cooked-potato1_0', 'craft-cooked-potato1_2', 'craft-beetroot-soup_2', 'craft-bowl1_2', 'cook-food_0', 'cook-food_2', 'craft-cooked-potato_2', 'craft-cooked-potato_1', 'craft-cooked-potato1_1', 'craft-bowl_0', 'cook-food_1', 'craft-boat_2']"
train_28,0,10,"(:goal
	(exists (?i - inventory)
(exists (?o - object)
(and 
		(inventory-holding ?i ?o)
		(object-of-type ?o CookedPotato))))
)",True,"(move-to t1 t11)
(pick-up i1 o18 t11)
(move-to t11 t6)
(cook_0 t6 o7 i1 o18 i2 o22)","['craft-stick1_1', 'craft-bowl1_1', 'craft-bowl_1', 'craft-boat_0', 'craft-cooked-potato1_0', 'craft-cooked-potato1_2', 'craft-beetroot-soup_2', 'craft-bowl1_2', 'cook-food_0', 'cook-food_2', 'craft-cooked-potato_2', 'craft-cooked-potato_1', 'craft-cooked-potato1_1', 'craft-bowl_0', 'cook-food_1', 'craft-boat_2']"
train_28,1,10,"(:goal
	(exists (?i - inventory)
(exists (?o - object)
(and 
		(inventory-holding ?i ?o)
		(object-of-type ?o CookedPotato))))
)",True,"(move-to t1 t11)
(pick-up i1 o18 t11)
(move-to t11 t6)
(cook_0 t6 o7 i1 o18 i2 o22)","['craft-bowl1_1', 'craft-bowl_1', 'craft-cooked-potato1_0', 'craft-cooked-potato1_2', 'craft-beetroot-soup_2', 'craft-bowl1_2', 'cook-food_0', 'cook-food_2', 'craft-cooked-potato_2', 'craft-cooked-potato_1', 'craft-cooked-potato1_1', 'craft-bowl_0', 'cook-food_1', 'craft-boat_2']"
train_28,2,10,"(:goal
	(exists (?i - inventory)
(exists (?o - object)
(and 
		(inventory-holding ?i ?o)
		(object-of-type ?o CookedPotato))))
)",True,"(move-to t1 t11)
(pick-up i1 o18 t11)
(move-to t11 t6)
(cook_0 t6 o7 i1 o18 i2 o22)","['craft-bowl1_1', 'craft-bowl_1', 'craft-cooked-potato1_0', 'craft-cooked-potato1_2', 'craft-beetroot-soup_2', 'craft-bowl1_2', 'cook-food_0', 'cook-food_2', 'craft-cooked-potato_2', 'craft-cooked-potato_1', 'craft-cooked-potato1_1', 'craft-bowl_0', 'cook-food_1', 'craft-boat_2']"
train_29,0,10,"(:goal
	(exists (?i - inventory)
(exists (?o - object)
(and 
		(inventory-holding ?i ?o)
		(object-of-type ?o IronIngot))))
)",True,"(move-to t1 t12)
(pick-up i1 o13 t12)
(move-to t12 t7)
(pick-up i2 o14 t7)
(craft-iron-ingot_2 t7 o1 i1 o13 i2 o14 i3 o21)","['craft-bowl1_1', 'craft-bowl_1', 'craft-cooked-potato1_0', 'craft-cooked-potato1_2', 'craft-beetroot-soup_2', 'craft-bowl1_2', 'cook-food_0', 'cook-food_2', 'craft-cooked-potato_2', 'craft-cooked-potato_1', 'craft-cooked-potato1_1', 'craft-bowl_0', 'cook-food_1', 'craft-boat_2']"
train_30,0,10,"(:goal
	(exists (?i - inventory)
(exists (?o - object)
(and 
		(inventory-holding ?i ?o)
		(object-of-type ?o CookedPotato))))
)",True,"(move-to t1 t7)
(pick-up i1 o18 t7)
(move-to t7 t12)
(cook_0 t12 o7 i1 o18 i2 o22)","['craft-bowl1_1', 'craft-bowl_1', 'craft-cooked-potato1_0', 'craft-cooked-potato1_2', 'craft-beetroot-soup_2', 'craft-bowl1_2', 'craft-cooked-potato_0', 'cook-food_0', 'cook-food_2', 'craft-cooked-potato_2', 'craft-cooked-potato_1', 'craft-stick_1', 'craft-cooked-potato1_1', 'craft-bowl_0', 'cook-food_1', 'craft-boat_2']"
train_30,1,10,"(:goal
	(exists (?i - inventory)
(exists (?o - object)
(and 
		(inventory-holding ?i ?o)
		(object-of-type ?o CookedPotato))))
)",True,"(move-to t1 t7)
(pick-up i1 o18 t7)
(move-to t7 t12)
(cook_0 t12 o7 i1 o18 i2 o22)","['craft-bowl1_1', 'craft-bowl_1', 'craft-boat_0', 'craft-cooked-potato1_0', 'craft-cooked-potato1_2', 'craft-beetroot-soup_2', 'craft-bowl1_2', 'cook-food_0', 'cook-food_2', 'craft-cooked-potato_2', 'craft-cooked-potato_1', 'craft-cooked-potato1_1', 'craft-bowl_0', 'cook-food_1', 'craft-boat_2']"
train_30,2,10,"(:goal
	(exists (?i - inventory)
(exists (?o - object)
(and 
		(inventory-holding ?i ?o)
		(object-of-type ?o CookedPotato))))
)",True,"(move-to t1 t7)
(pick-up i1 o18 t7)
(move-to t7 t12)
(cook_0 t12 o7 i1 o18 i2 o22)","['craft-bowl1_1', 'craft-bowl_1', 'craft-boat_1', 'craft-cooked-potato1_0', 'craft-cooked-potato1_2', 'craft-beetroot-soup_2', 'craft-bowl1_2', 'cook-food_0', 'cook-food_2', 'craft-cooked-potato_2', 'craft-cooked-potato_1', 'craft-cooked-potato1_1', 'craft-bowl_0', 'cook-food_1', 'craft-boat_2']"
train_31,0,10,"(:goal
	(exists (?i - inventory)
(exists (?o - object)
(and 
		(inventory-holding ?i ?o)
		(object-of-type ?o Bed))))
)",True,"(move-to t1 t4)
(pick-up i1 o9 t4)
(move-to t4 t13)
(pick-up i2 o17 t13)
(move-to t13 t12)
(craft-bed_1 t12 o1 i1 o9 i2 o17 i3 o22)","['craft-bowl1_1', 'craft-bowl_1', 'craft-cooked-potato1_0', 'craft-cooked-potato1_2', 'craft-beetroot-soup_2', 'craft-bowl1_2', 'cook-food_0', 'cook-food_2', 'craft-cooked-potato_2', 'craft-cooked-potato_1', 'craft-cooked-potato1_1', 'craft-bowl_0', 'cook-food_1', 'craft-boat_2']"
train_32,0,10,"(:goal
	(exists (?i - inventory)
(exists (?o - object)
(and 
		(inventory-holding ?i ?o)
		(object-of-type ?o Bowl))))
)",False,,"['craft-bowl1_1', 'craft-bowl_1', 'craft-cooked-potato1_0', 'craft-cooked-potato1_2', 'craft-beetroot-soup_2', 'craft-bowl1_2', 'cook-food_0', 'cook-food_2', 'craft-cooked-potato_2', 'craft-cooked-potato_1', 'craft-cooked-potato1_1', 'craft-bowl_0', 'cook-food_1', 'craft-boat_2']"
train_32,1,10,"(:goal
	(exists (?i - inventory)
(exists (?o - object)
(and 
		(inventory-holding ?i ?o)
		(object-of-type ?o Bowl))))
)",False,,"['craft-bowl1_1', 'craft-bowl_1', 'craft-cooked-potato1_0', 'craft-cooked-potato1_2', 'craft-beetroot-soup_2', 'craft-bowl1_2', 'cook-food_0', 'cook-food_2', 'craft-cooked-potato_2', 'craft-cooked-potato_1', 'craft-cooked-potato1_1', 'craft-bowl_0', 'cook-food_1', 'craft-boat_2']"
train_32,2,10,"(:goal
	(exists (?i - inventory)
(exists (?o - object)
(and 
		(inventory-holding ?i ?o)
		(object-of-type ?o Bowl))))
)",False,,"['craft-bowl1_1', 'craft-bowl_1', 'craft-cooked-potato1_0', 'craft-cooked-potato1_2', 'craft-beetroot-soup_2', 'craft-bowl1_2', 'cook-food_0', 'cook-food_2', 'craft-cooked-potato_2', 'craft-cooked-potato_1', 'craft-stick_1', 'craft-cooked-potato1_1', 'craft-bowl_0', 'cook-food_1', 'craft-boat_2']"
train_33,0,10,"(:goal
	(exists (?i - inventory)
(exists (?o - object)
(and 
		(inventory-holding ?i ?o)
		(object-of-type ?o Paper))))
)",True,"(move-to t1 t10)
(pick-up i1 o21 t10)
(move-to t10 t4)
(craft-paper_1 t4 o1 i1 o21 i1 o21 i2 o22)","['craft-bowl1_1', 'craft-bowl_1', 'craft-cooked-potato1_0', 'craft-cooked-potato1_2', 'craft-beetroot-soup_2', 'craft-bowl1_2', 'cook-food_0', 'cook-food_2', 'craft-cooked-potato_2', 'craft-stick_0', 'craft-cooked-potato_1', 'craft-cooked-potato1_1', 'craft-bowl_0', 'cook-food_1', 'craft-boat_2']"
train_34,0,10,"(:goal
	(exists (?i - inventory)
(exists (?o - object)
(and 
		(inventory-holding ?i ?o)
		(object-of-type ?o GoldIngot))))
)",True,"(move-to t1 t11)
(pick-up i1 o15 t11)
(move-to t11 t14)
(pick-up i2 o14 t14)
(move-to t14 t9)
(craft-gold-ingot_1 t9 o1 i1 o15 i2 o14 i3 o21)","['craft-bowl1_1', 'craft-bowl_1', 'craft-cooked-potato1_0', 'craft-cooked-potato1_2', 'craft-beetroot-soup_2', 'craft-bowl1_2', 'cook-food_0', 'cook-food_2', 'craft-cooked-potato_2', 'craft-cooked-potato_1', 'craft-cooked-potato1_1', 'craft-bowl_0', 'cook-food_1', 'craft-boat_2']"
train_35,0,10,"(:goal
	(exists (?i - inventory)
(exists (?o - object)
(and 
		(inventory-holding ?i ?o)
		(object-of-type ?o Boat))))
)",True,"(move-to t1 t3)
(pick-up i1 o8 t3)
(move-to t3 t15)
(pick-up i2 o12 t15)
(move-to t15 t10)
(craft-boat_2 t10 o6 i1 o8 i2 o12 i3 o22)","['craft-stick1_1', 'craft-bowl1_1', 'craft-bowl_1', 'craft-cooked-potato1_0', 'craft-stick_2', 'craft-cooked-potato1_2', 'craft-beetroot-soup_2', 'craft-bowl1_2', 'craft-cooked-potato_0', 'cook-food_0', 'cook-food_2', 'craft-cooked-potato_2', 'craft-cooked-potato_1', 'craft-stick_1', 'craft-cooked-potato1_1', 'craft-bowl_0', 'cook-food_1', 'craft-boat_2']"
train_35,1,10,"(:goal
	(exists (?i - inventory)
(exists (?o - object)
(and 
		(inventory-holding ?i ?o)
		(object-of-type ?o Boat))))
)",False,,"['craft-bowl1_1', 'craft-bowl_1', 'craft-cooked-potato1_0', 'craft-cooked-potato1_2', 'craft-beetroot-soup_2', 'craft-bowl1_2', 'cook-food_0', 'cook-food_2', 'craft-cooked-potato_2', 'craft-cooked-potato_1', 'craft-cooked-potato1_1', 'craft-bowl_0', 'cook-food_1']"
train_35,2,10,"(:goal
	(exists (?i - inventory)
(exists (?o - object)
(and 
		(inventory-holding ?i ?o)
		(object-of-type ?o Boat))))
)",False,,"['craft-bowl1_1', 'craft-bowl_1', 'craft-cooked-potato1_0', 'craft-cooked-potato1_2', 'craft-beetroot-soup_2', 'craft-bowl1_2', 'cook-food_0', 'cook-food_2', 'craft-cooked-potato_2', 'craft-cooked-potato_1', 'craft-stick_1', 'craft-cooked-potato1_1', 'craft-bowl_0', 'cook-food_1']"
train_36,0,10,"(:goal
	(exists (?i - inventory)
(exists (?o - object)
(and 
		(inventory-holding ?i ?o)
		(object-of-type ?o Boat))))
)",True,"(move-to t1 t9)
(pick-up i1 o8 t9)
(move-to t9 t12)
(pick-up i2 o15 t12)
(move-to t12 t8)
(craft-boat_1 t8 o6 i1 o8 i2 o15 i3 o22)","['craft-bowl1_1', 'craft-bowl_1', 'craft-boat_1', 'craft-cooked-potato1_0', 'craft-cooked-potato1_2', 'craft-beetroot-soup_2', 'craft-bowl1_2', 'cook-food_0', 'cook-food_2', 'craft-cooked-potato_2', 'craft-cooked-potato_1', 'craft-cooked-potato1_1', 'craft-bowl_0', 'cook-food_1']"
train_36,1,10,"(:goal
	(exists (?i - inventory)
(exists (?o - object)
(and 
		(inventory-holding ?i ?o)
		(object-of-type ?o Boat))))
)",True,"(move-to t1 t9)
(pick-up i1 o8 t9)
(move-to t9 t5)
(pick-up i2 o12 t5)
(move-to t5 t8)
(craft-boat_2 t8 o6 i1 o8 i2 o12 i3 o22)","['craft-bowl1_1', 'craft-bowl_1', 'craft-cooked-potato1_0', 'craft-cooked-potato1_2', 'craft-beetroot-soup_2', 'craft-bowl1_2', 'cook-food_0', 'cook-food_2', 'craft-cooked-potato_2', 'craft-cooked-potato_1', 'craft-cooked-potato1_1', 'craft-bowl_0', 'cook-food_1', 'craft-boat_2']"
train_36,2,10,"(:goal
	(exists (?i - inventory)
(exists (?o - object)
(and 
		(inventory-holding ?i ?o)
		(object-of-type ?o Boat))))
)",False,,"['craft-bowl1_1', 'craft-bowl_1', 'craft-cooked-potato1_0', 'craft-cooked-potato1_2', 'craft-beetroot-soup_2', 'craft-bowl1_2', 'cook-food_0', 'cook-food_2', 'craft-cooked-potato_2', 'craft-cooked-potato_1', 'craft-cooked-potato1_1', 'craft-bowl_0', 'cook-food_1']"
train_37,0,10,"(:goal
	(exists (?i - inventory)
(exists (?o - object)
(and 
		(inventory-holding ?i ?o)
		(object-of-type ?o Stick))))
)",False,,"['craft-bowl1_1', 'craft-bowl_1', 'craft-cooked-potato1_0', 'craft-cooked-potato1_2', 'craft-beetroot-soup_2', 'craft-bowl1_2', 'cook-food_0', 'cook-food_2', 'craft-cooked-potato_2', 'craft-cooked-potato_1', 'craft-cooked-potato1_1', 'craft-bowl_0', 'cook-food_1']"
train_37,1,10,"(:goal
	(exists (?i - inventory)
(exists (?o - object)
(and 
		(inventory-holding ?i ?o)
		(object-of-type ?o Stick))))
)",False,,"['craft-bowl1_1', 'craft-bowl_1', 'craft-cooked-potato1_0', 'craft-cooked-potato1_2', 'craft-beetroot-soup_2', 'craft-bowl1_2', 'cook-food_0', 'cook-food_2', 'craft-cooked-potato_2', 'craft-cooked-potato_1', 'craft-cooked-potato1_1', 'craft-bowl_0', 'cook-food_1']"
train_37,2,10,"(:goal
	(exists (?i - inventory)
(exists (?o - object)
(and 
		(inventory-holding ?i ?o)
		(object-of-type ?o Stick))))
)",False,,"['craft-bowl1_1', 'craft-bowl_1', 'craft-cooked-potato1_0', 'craft-cooked-potato1_2', 'craft-beetroot-soup_2', 'craft-bowl1_2', 'cook-food_0', 'cook-food_2', 'craft-cooked-potato_2', 'craft-cooked-potato_1', 'craft-cooked-potato1_1', 'craft-bowl_0', 'cook-food_1']"
train_38,0,10,"(:goal
	(exists (?i - inventory)
(exists (?o - object)
(and 
		(inventory-holding ?i ?o)
		(object-of-type ?o BeetrootSoup))))
)",False,,"['craft-bowl1_1', 'craft-bowl_1', 'craft-cooked-potato1_0', 'craft-cooked-potato1_2', 'craft-beetroot-soup_2', 'craft-bowl1_2', 'cook-food_0', 'cook-food_2', 'craft-cooked-potato_2', 'craft-cooked-potato_1', 'craft-cooked-potato1_1', 'craft-bowl_0', 'cook-food_1']"
train_38,1,10,"(:goal
	(exists (?i - inventory)
(exists (?o - object)
(and 
		(inventory-holding ?i ?o)
		(object-of-type ?o BeetrootSoup))))
)",False,,"['craft-bowl1_1', 'craft-bowl_1', 'craft-cooked-potato1_0', 'craft-cooked-potato1_2', 'craft-beetroot-soup_2', 'craft-bowl1_2', 'cook-food_0', 'cook-food_2', 'craft-cooked-potato_2', 'craft-cooked-potato_1', 'craft-cooked-potato1_1', 'craft-bowl_0', 'cook-food_1']"
train_38,2,10,"(:goal
	(exists (?i - inventory)
(exists (?o - object)
(and 
		(inventory-holding ?i ?o)
		(object-of-type ?o BeetrootSoup))))
)",False,,"['craft-bowl1_1', 'craft-bowl_1', 'craft-cooked-potato1_0', 'craft-cooked-potato1_2', 'craft-beetroot-soup_2', 'craft-bowl1_2', 'cook-food_0', 'cook-food_2', 'craft-cooked-potato_2', 'craft-cooked-potato_1', 'craft-cooked-potato1_1', 'craft-bowl_0', 'cook-food_1']"
train_39,0,10,"(:goal
	(exists (?i - inventory)
(exists (?o - object)
(and 
		(inventory-holding ?i ?o)
		(object-of-type ?o Sword))))
)",True,"(move-to t1 t9)
(pick-up i1 o10 t9)
(move-to t9 t13)
(pick-up i2 o12 t13)
(move-to t13 t12)
(craft-sword_1 t12 o2 i1 o10 i2 o12 i3 o22)","['craft-bowl1_1', 'craft-bowl_1', 'craft-cooked-potato1_0', 'craft-cooked-potato1_2', 'craft-beetroot-soup_2', 'craft-bowl1_2', 'cook-food_0', 'cook-food_2', 'craft-cooked-potato_2', 'craft-cooked-potato_1', 'craft-cooked-potato1_1', 'craft-bowl_0', 'cook-food_1']"
train_40,0,10,"(:goal
	(exists (?i - inventory)
(exists (?o - object)
(and 
		(inventory-holding ?i ?o)
		(object-of-type ?o BeetrootSoup))))
)",False,,"['craft-bowl1_1', 'craft-bowl_1', 'craft-cooked-potato1_0', 'craft-cooked-potato1_2', 'craft-bowl1_0', 'craft-beetroot-soup_2', 'craft-bowl1_2', 'cook-food_0', 'cook-food_2', 'craft-cooked-potato_2', 'craft-cooked-potato_1', 'craft-stick_1', 'craft-cooked-potato1_1', 'craft-bowl_0', 'cook-food_1', 'craft-boat_2']"
train_40,1,10,"(:goal
	(exists (?i - inventory)
(exists (?o - object)
(and 
		(inventory-holding ?i ?o)
		(object-of-type ?o BeetrootSoup))))
)",False,,"['craft-stick1_1', 'craft-bowl1_1', 'craft-bowl_1', 'craft-boat_0', 'craft-cooked-potato1_0', 'craft-cooked-potato1_2', 'craft-beetroot-soup_2', 'craft-bowl1_2', 'cook-food_0', 'cook-food_2', 'craft-cooked-potato_2', 'craft-cooked-potato_1', 'craft-cooked-potato1_1', 'craft-bowl_0', 'cook-food_1']"
train_40,2,10,"(:goal
	(exists (?i - inventory)
(exists (?o - object)
(and 
		(inventory-holding ?i ?o)
		(object-of-type ?o BeetrootSoup))))
)",False,,"['craft-bowl1_1', 'craft-bowl_1', 'craft-cooked-potato1_0', 'craft-cooked-potato1_2', 'craft-beetroot-soup_2', 'craft-bowl1_2', 'cook-food_0', 'cook-food_2', 'craft-cooked-potato_2', 'craft-cooked-potato_1', 'craft-stick_1', 'craft-cooked-potato1_1', 'craft-bowl_0', 'cook-food_1']"
train_41,0,10,"(:goal
	(exists (?i - inventory)
(exists (?o - object)
(and 
		(inventory-holding ?i ?o)
		(object-of-type ?o GoldIngot))))
)",True,"(move-to t1 t15)
(pick-up i1 o15 t15)
(move-to t15 t1)
(pick-up i2 o14 t1)
(move-to t1 t6)
(craft-gold-ingot_1 t6 o1 i1 o15 i2 o14 i3 o21)","['craft-bowl1_1', 'craft-bowl_1', 'craft-cooked-potato1_0', 'craft-cooked-potato1_2', 'craft-beetroot-soup_2', 'craft-bowl1_2', 'cook-food_0', 'cook-food_2', 'craft-cooked-potato_2', 'craft-cooked-potato_1', 'craft-stick_1', 'craft-cooked-potato1_1', 'craft-bowl_0', 'cook-food_1']"
train_42,0,10,"(:goal
	(exists (?i - inventory)
(exists (?o - object)
(and 
		(inventory-holding ?i ?o)
		(object-of-type ?o WoodPlank))))
)",True,"(move-to t1 t12)
(pick-up i1 o8 t12)
(move-to t12 t1)
(craft-wood-plank i1 i2 o1 o8 o21 t1)","['craft-bowl1_1', 'craft-bowl_1', 'craft-cooked-potato1_0', 'craft-cooked-potato1_2', 'craft-beetroot-soup_2', 'craft-bowl1_2', 'cook-food_0', 'cook-food_2', 'craft-cooked-potato_2', 'craft-cooked-potato_1', 'craft-cooked-potato1_1', 'craft-bowl_0', 'cook-food_1']"
train_43,0,10,"(:goal
	(exists (?i - inventory)
(exists (?o1 - object)
(exists (?o2 - object)
(exists (?o3 - object)
(exists (?o4 - object)
(and 
		(inventory-holding ?i ?o1)
		(inventory-holding ?i ?o2)
		(inventory-holding ?i ?o3)
		(inventory-holding ?i ?o4)
		(object-of-type ?o1 Beetroot)
		(object-of-type ?o2 Beetroot)
		(object-of-type ?o3 Beetroot)
		(object-of-type ?o4 Bowl)))))))
)",False,,"['craft-bowl1_1', 'craft-bowl_1', 'craft-cooked-potato1_0', 'craft-cooked-potato1_2', 'craft-beetroot-soup_2', 'craft-bowl1_2', 'cook-food_0', 'cook-food_2', 'craft-cooked-potato_2', 'craft-cooked-potato_1', 'craft-cooked-potato1_1', 'craft-bowl_0', 'cook-food_1']"
train_43,1,10,"(:goal
	(exists (?i - inventory)
(exists (?o1 - object)
(exists (?o2 - object)
(exists (?o3 - object)
(exists (?o4 - object)
(and 
		(inventory-holding ?i ?o1)
		(inventory-holding ?i ?o2)
		(inventory-holding ?i ?o3)
		(inventory-holding ?i ?o4)
		(object-of-type ?o1 Beetroot)
		(object-of-type ?o2 Beetroot)
		(object-of-type ?o3 Beetroot)
		(object-of-type ?o4 Bowl)))))))
)",False,,"['craft-bowl1_1', 'craft-bowl_1', 'craft-cooked-potato1_0', 'craft-cooked-potato1_2', 'craft-beetroot-soup_2', 'craft-bowl1_2', 'cook-food_0', 'cook-food_2', 'craft-cooked-potato_2', 'craft-cooked-potato_1', 'craft-cooked-potato1_1', 'craft-bowl_0', 'cook-food_1']"
train_43,2,10,"(:goal
	(exists (?i - inventory)
(exists (?o1 - object)
(exists (?o2 - object)
(exists (?o3 - object)
(exists (?o4 - object)
(and 
		(inventory-holding ?i ?o1)
		(inventory-holding ?i ?o2)
		(inventory-holding ?i ?o3)
		(inventory-holding ?i ?o4)
		(object-of-type ?o1 Beetroot)
		(object-of-type ?o2 Beetroot)
		(object-of-type ?o3 Beetroot)
		(object-of-type ?o4 Bowl)))))))
)",False,,"['craft-bowl1_1', 'craft-bowl_1', 'craft-boat_1', 'craft-cooked-potato1_0', 'craft-cooked-potato1_2', 'craft-beetroot-soup_2', 'craft-bowl1_2', 'cook-food_0', 'cook-food_2', 'craft-cooked-potato_2', 'craft-cooked-potato_1', 'craft-cooked-potato1_1', 'craft-bowl_0', 'cook-food_1']"
train_44,0,10,"(:goal
	(exists (?i - inventory)
(exists (?o - object)
(and 
		(inventory-holding ?i ?o)
		(object-of-type ?o Bowl))))
)",False,,"['craft-bowl1_1', 'craft-bowl_1', 'craft-cooked-potato1_0', 'craft-cooked-potato1_2', 'craft-beetroot-soup_2', 'craft-bowl1_2', 'cook-food_0', 'cook-food_2', 'craft-cooked-potato_2', 'craft-cooked-potato_1', 'craft-cooked-potato1_1', 'craft-bowl_0', 'cook-food_1']"
train_44,1,10,"(:goal
	(exists (?i - inventory)
(exists (?o - object)
(and 
		(inventory-holding ?i ?o)
		(object-of-type ?o Bowl))))
)",False,,"['craft-stick1_1', 'craft-bowl1_1', 'craft-bowl_1', 'craft-cooked-potato1_0', 'craft-cooked-potato1_2', 'craft-beetroot-soup_2', 'craft-bowl1_2', 'cook-food_0', 'cook-food_2', 'craft-cooked-potato_2', 'craft-cooked-potato_1', 'craft-cooked-potato1_1', 'craft-bowl_0', 'cook-food_1']"
train_44,2,10,"(:goal
	(exists (?i - inventory)
(exists (?o - object)
(and 
		(inventory-holding ?i ?o)
		(object-of-type ?o Bowl))))
)",False,,"['craft-bowl1_1', 'craft-bowl_1', 'craft-cooked-potato1_0', 'craft-stick_2', 'craft-cooked-potato1_2', 'craft-beetroot-soup_2', 'craft-bowl1_2', 'cook-food_0', 'cook-food_2', 'craft-cooked-potato_2', 'craft-cooked-potato_1', 'craft-cooked-potato1_1', 'craft-bowl_0', 'cook-food_1']"
train_45,0,10,"(:goal
	(exists (?i - inventory)
(exists (?o - object)
(and 
		(inventory-holding ?i ?o)
		(object-of-type ?o WoodPlank))))
)",True,"(move-to t1 t7)
(pick-up i1 o8 t7)
(move-to t7 t8)
(craft-wood-plank i1 i2 o1 o8 o21 t8)","['craft-bowl1_1', 'craft-bowl_1', 'craft-cooked-potato1_0', 'craft-cooked-potato1_2', 'craft-beetroot-soup_2', 'craft-bowl1_2', 'cook-food_0', 'cook-food_2', 'craft-cooked-potato_2', 'craft-cooked-potato_1', 'craft-cooked-potato1_1', 'craft-bowl_0', 'cook-food_1']"
train_46,0,10,"(:goal
	(exists (?i - inventory)
(exists (?o - object)
(and 
		(inventory-holding ?i ?o)
		(object-of-type ?o Bowl))))
)",False,,"['craft-bowl1_1', 'craft-bowl_1', 'craft-cooked-potato1_0', 'craft-cooked-potato1_2', 'craft-beetroot-soup_2', 'craft-bowl1_2', 'cook-food_0', 'cook-food_2', 'craft-cooked-potato_2', 'craft-cooked-potato_1', 'craft-cooked-potato1_1', 'craft-bowl_0', 'cook-food_1']"
train_46,1,10,"(:goal
	(exists (?i - inventory)
(exists (?o - object)
(and 
		(inventory-holding ?i ?o)
		(object-of-type ?o Bowl))))
)",False,,"['craft-bowl1_1', 'craft-bowl_1', 'craft-cooked-potato1_0', 'craft-cooked-potato1_2', 'craft-beetroot-soup_2', 'craft-bowl1_2', 'cook-food_0', 'cook-food_2', 'craft-cooked-potato_2', 'craft-cooked-potato_1', 'craft-stick1_0', 'craft-cooked-potato1_1', 'craft-bowl_0', 'cook-food_1']"
train_46,2,10,"(:goal
	(exists (?i - inventory)
(exists (?o - object)
(and 
		(inventory-holding ?i ?o)
		(object-of-type ?o Bowl))))
)",False,,"['craft-bowl1_1', 'craft-bowl_1', 'craft-cooked-potato1_0', 'craft-cooked-potato1_2', 'craft-beetroot-soup_2', 'craft-bowl1_2', 'cook-food_0', 'cook-food_2', 'craft-cooked-potato_2', 'craft-cooked-potato_1', 'craft-stick_1', 'craft-cooked-potato1_1', 'craft-bowl_0', 'cook-food_1']"
train_47,0,10,"(:goal
	(exists (?i - inventory)
(exists (?o - object)
(and 
		(inventory-holding ?i ?o)
		(object-of-type ?o Bed))))
)",True,"(move-to t1 t11)
(pick-up i1 o9 t11)
(move-to t11 t3)
(pick-up i2 o17 t3)
(move-to t3 t8)
(craft-bed_1 t8 o1 i1 o9 i2 o17 i3 o22)","['craft-bowl1_1', 'craft-bowl_1', 'craft-cooked-potato1_0', 'craft-cooked-potato1_2', 'craft-beetroot-soup_2', 'craft-bowl1_2', 'cook-food_0', 'cook-food_2', 'craft-cooked-potato_2', 'craft-cooked-potato_1', 'craft-stick_1', 'craft-cooked-potato1_1', 'craft-bowl_0', 'cook-food_1']"
train_48,0,10,"(:goal
	(exists (?i - inventory)
(exists (?o - object)
(and 
		(inventory-holding ?i ?o)
		(object-of-type ?o Bowl))))
)",False,,"['craft-bowl1_1', 'craft-bowl_1', 'craft-cooked-potato1_0', 'craft-cooked-potato1_2', 'craft-beetroot-soup_2', 'craft-bowl1_2', 'cook-food_0', 'cook-food_2', 'craft-cooked-potato_2', 'craft-cooked-potato_1', 'craft-cooked-potato1_1', 'craft-bowl_0', 'cook-food_1']"
train_48,1,10,"(:goal
	(exists (?i - inventory)
(exists (?o - object)
(and 
		(inventory-holding ?i ?o)
		(object-of-type ?o Bowl))))
)",False,,"['craft-bowl1_1', 'craft-bowl_1', 'craft-boat_1', 'craft-cooked-potato1_0', 'craft-cooked-potato1_2', 'craft-beetroot-soup_2', 'craft-bowl1_2', 'cook-food_0', 'cook-food_2', 'craft-cooked-potato_2', 'craft-cooked-potato_1', 'craft-cooked-potato1_1', 'craft-bowl_0', 'cook-food_1']"
train_48,2,10,"(:goal
	(exists (?i - inventory)
(exists (?o - object)
(and 
		(inventory-holding ?i ?o)
		(object-of-type ?o Bowl))))
)",False,,"['craft-bowl1_1', 'craft-bowl_1', 'craft-cooked-potato1_0', 'craft-cooked-potato1_2', 'craft-beetroot-soup_2', 'craft-bowl1_2', 'cook-food_0', 'cook-food_2', 'craft-cooked-potato_2', 'craft-cooked-potato_1', 'craft-cooked-potato1_1', 'craft-bowl_0', 'cook-food_1']"
train_49,0,10,"(:goal
	(exists (?i - inventory)
(exists (?o - object)
(and 
		(inventory-holding ?i ?o)
		(object-of-type ?o WoodPlank))))
)",True,"(move-to t1 t14)
(pick-up i1 o8 t14)
(move-to t14 t7)
(craft-wood-plank i1 i2 o1 o8 o21 t7)","['craft-bowl1_1', 'craft-bowl_1', 'craft-boat_0', 'craft-cooked-potato1_0', 'craft-cooked-potato1_2', 'craft-beetroot-soup_2', 'craft-bowl1_2', 'cook-food_0', 'cook-food_2', 'craft-cooked-potato_2', 'craft-cooked-potato_1', 'craft-cooked-potato1_1', 'craft-bowl_0', 'cook-food_1', 'craft-boat_2']"
train_50,0,10,"(:goal
	(exists (?i - inventory)
(exists (?o - object)
(and 
		(inventory-holding ?i ?o)
		(object-of-type ?o Paper))))
)",True,"(move-to t1 t11)
(pick-up i1 o21 t11)
(move-to t11 t13)
(craft-paper_1 t13 o1 i1 o21 i1 o21 i2 o22)","['craft-bowl1_1', 'craft-bowl_1', 'craft-boat_0', 'craft-cooked-potato1_0', 'craft-cooked-potato1_2', 'craft-beetroot-soup_2', 'craft-bowl1_2', 'cook-food_0', 'cook-food_2', 'craft-cooked-potato_2', 'craft-cooked-potato_1', 'craft-cooked-potato1_1', 'craft-bowl_0', 'cook-food_1']"
train_51,0,10,"(:goal
	(exists (?i - inventory)
(exists (?o - object)
(and 
		(inventory-holding ?i ?o)
		(object-of-type ?o Arrow))))
)",True,"(move-to t1 t13)
(pick-up i1 o10 t13)
(move-to t13 t4)
(pick-up i2 o11 t4)
(move-to t4 t6)
(craft-arrow i1 i2 i3 o2 o10 o11 o22 t6)","['craft-bowl1_1', 'craft-bowl_1', 'craft-boat_0', 'craft-cooked-potato1_0', 'craft-stick_2', 'craft-cooked-potato1_2', 'craft-beetroot-soup_2', 'craft-bowl1_2', 'cook-food_0', 'cook-food_2', 'craft-cooked-potato_2', 'craft-cooked-potato_1', 'craft-cooked-potato1_1', 'craft-bowl_0', 'cook-food_1', 'craft-boat_2']"
train_52,0,10,"(:goal
	(exists (?i - inventory)
(exists (?o - object)
(and 
		(inventory-holding ?i ?o)
		(object-of-type ?o Boat))))
)",False,,"['craft-bowl1_1', 'craft-bowl_1', 'craft-cooked-potato1_0', 'craft-cooked-potato1_2', 'craft-beetroot-soup_2', 'craft-bowl1_2', 'cook-food_0', 'cook-food_2', 'craft-cooked-potato_2', 'craft-cooked-potato_1', 'craft-cooked-potato1_1', 'craft-bowl_0', 'cook-food_1']"
train_52,1,10,"(:goal
	(exists (?i - inventory)
(exists (?o - object)
(and 
		(inventory-holding ?i ?o)
		(object-of-type ?o Boat))))
)",False,,"['craft-bowl1_1', 'craft-bowl_1', 'craft-cooked-potato1_0', 'craft-cooked-potato1_2', 'craft-beetroot-soup_2', 'craft-bowl1_2', 'cook-food_0', 'cook-food_2', 'craft-cooked-potato_2', 'craft-cooked-potato_1', 'craft-cooked-potato1_1', 'craft-bowl_0', 'cook-food_1']"
train_52,2,10,"(:goal
	(exists (?i - inventory)
(exists (?o - object)
(and 
		(inventory-holding ?i ?o)
		(object-of-type ?o Boat))))
)",True,"(move-to t1 t9)
(pick-up i1 o8 t9)
(move-to t9 t13)
(craft-boat_0 t13 o6 i1 o8 i1 o8 i2 o22)","['craft-bowl1_1', 'craft-bowl_1', 'craft-boat_0', 'craft-cooked-potato1_0', 'craft-cooked-potato1_2', 'craft-beetroot-soup_2', 'craft-bowl1_2', 'cook-food_0', 'cook-food_2', 'craft-cooked-potato_2', 'craft-cooked-potato_1', 'craft-cooked-potato1_1', 'craft-bowl_0', 'cook-food_1']"
train_53,0,10,"(:goal
	(exists (?i - inventory)
(exists (?o - object)
(and 
		(inventory-holding ?i ?o)
		(object-of-type ?o GoldIngot))))
)",True,"(move-to t1 t6)
(pick-up i1 o15 t6)
(move-to t6 t7)
(pick-up i2 o14 t7)
(move-to t7 t8)
(craft-gold-ingot_1 t8 o1 i1 o15 i2 o14 i3 o21)","['craft-bowl1_1', 'craft-bowl_1', 'craft-boat_0', 'craft-cooked-potato1_0', 'craft-cooked-potato1_2', 'craft-beetroot-soup_2', 'craft-bowl1_2', 'cook-food_0', 'cook-food_2', 'craft-cooked-potato_2', 'craft-cooked-potato_1', 'craft-cooked-potato1_1', 'craft-bowl_0', 'cook-food_1']"
train_54,0,10,"(:goal
	(exists (?i - inventory)
(exists (?o - object)
(and 
		(inventory-holding ?i ?o)
		(object-of-type ?o Sword))))
)",True,"(move-to t1 t12)
(pick-up i1 o10 t12)
(move-to t12 t2)
(pick-up i2 o12 t2)
(move-to t2 t9)
(craft-sword_1 t9 o2 i1 o10 i2 o12 i3 o22)","['craft-stick1_1', 'craft-bowl1_1', 'craft-bowl_1', 'craft-cooked-potato1_0', 'craft-cooked-potato1_2', 'craft-beetroot-soup_2', 'craft-bowl1_2', 'cook-food_0', 'cook-food_2', 'craft-cooked-potato_2', 'craft-cooked-potato_1', 'craft-cooked-potato1_1', 'craft-bowl_0', 'cook-food_1']"
train_55,0,10,"(:goal
	(exists (?i - inventory)
(exists (?o - object)
(and 
		(inventory-holding ?i ?o)
		(object-of-type ?o Paper))))
)",True,"(move-to t1 t6)
(pick-up i1 o21 t6)
(move-to t6 t2)
(craft-paper_1 t2 o1 i1 o21 i1 o21 i2 o22)","['craft-bowl1_1', 'craft-bowl_1', 'craft-cooked-potato1_0', 'craft-cooked-potato1_2', 'craft-beetroot-soup_2', 'craft-bowl1_2', 'cook-food_0', 'cook-food_2', 'craft-cooked-potato_2', 'craft-cooked-potato_1', 'craft-cooked-potato1_1', 'craft-bowl_0', 'cook-food_1']"
train_56,0,10,"(:goal
	(exists (?i - inventory)
(exists (?o - object)
(and 
		(inventory-holding ?i ?o)
		(object-of-type ?o Bed))))
)",True,"(pick-up i1 o9 t1)
(move-to t1 t4)
(pick-up i2 o17 t4)
(craft-bed_1 t4 o1 i1 o9 i2 o17 i3 o22)","['craft-bowl1_1', 'craft-bowl_1', 'craft-cooked-potato1_0', 'craft-cooked-potato1_2', 'craft-beetroot-soup_2', 'craft-bowl1_2', 'cook-food_0', 'cook-food_2', 'craft-cooked-potato_2', 'craft-cooked-potato_1', 'craft-stick_1', 'craft-cooked-potato1_1', 'craft-bowl_0', 'cook-food_1']"
train_57,0,10,"(:goal
	(exists (?i - inventory)
(exists (?o - object)
(and 
		(inventory-holding ?i ?o)
		(object-of-type ?o WoodPlank))))
)",True,"(move-to t1 t12)
(pick-up i1 o8 t12)
(move-to t12 t9)
(craft-wood-plank i1 i2 o1 o8 o21 t9)","['craft-bowl1_1', 'craft-bowl_1', 'craft-cooked-potato1_0', 'craft-cooked-potato1_2', 'craft-beetroot-soup_2', 'craft-bowl1_2', 'craft-cooked-potato_0', 'cook-food_0', 'cook-food_2', 'craft-cooked-potato_2', 'craft-cooked-potato_1', 'craft-cooked-potato1_1', 'craft-bowl_0', 'cook-food_1']"
train_58,0,10,"(:goal
	(exists (?i - inventory)
(exists (?o - object)
(and 
		(inventory-holding ?i ?o)
		(object-of-type ?o GoldIngot))))
)",True,"(move-to t1 t8)
(pick-up i1 o15 t8)
(move-to t8 t11)
(pick-up i2 o14 t11)
(move-to t11 t14)
(craft-gold-ingot_1 t14 o1 i1 o15 i2 o14 i3 o21)","['craft-bowl1_1', 'craft-bowl_1', 'craft-cooked-potato1_0', 'craft-cooked-potato1_2', 'craft-beetroot-soup_2', 'craft-bowl1_2', 'cook-food_0', 'cook-food_2', 'craft-cooked-potato_2', 'craft-cooked-potato_1', 'craft-stick_1', 'craft-cooked-potato1_1', 'craft-bowl_0', 'cook-food_1']"
train_59,0,10,"(:goal
	(exists (?i - inventory)
(exists (?o - object)
(and 
		(inventory-holding ?i ?o)
		(object-of-type ?o CookedPotato))))
)",True,"(move-to t1 t12)
(pick-up i1 o18 t12)
(move-to t12 t13)
(cook_0 t13 o7 i1 o18 i2 o22)","['craft-bowl1_1', 'craft-bowl_1', 'craft-cooked-potato1_0', 'craft-cooked-potato1_2', 'craft-beetroot-soup_2', 'craft-bowl1_2', 'cook-food_0', 'cook-food_2', 'craft-cooked-potato_2', 'craft-stick_0', 'craft-cooked-potato_1', 'craft-cooked-potato1_1', 'craft-bowl_0', 'cook-food_1']"
train_59,1,10,"(:goal
	(exists (?i - inventory)
(exists (?o - object)
(and 
		(inventory-holding ?i ?o)
		(object-of-type ?o CookedPotato))))
)",True,"(move-to t1 t12)
(pick-up i1 o18 t12)
(move-to t12 t13)
(cook_0 t13 o7 i1 o18 i2 o22)","['craft-bowl1_1', 'craft-bowl_1', 'craft-cooked-potato1_0', 'craft-cooked-potato1_2', 'craft-beetroot-soup_2', 'craft-bowl1_2', 'cook-food_0', 'cook-food_2', 'craft-cooked-potato_2', 'craft-cooked-potato_1', 'craft-stick_1', 'craft-cooked-potato1_1', 'craft-bowl_0', 'cook-food_1']"
train_59,2,10,"(:goal
	(exists (?i - inventory)
(exists (?o - object)
(and 
		(inventory-holding ?i ?o)
		(object-of-type ?o CookedPotato))))
)",True,"(move-to t1 t12)
(pick-up i1 o18 t12)
(move-to t12 t13)
(cook_0 t13 o7 i1 o18 i2 o22)","['craft-bowl1_1', 'craft-bowl_1', 'craft-cooked-potato1_0', 'craft-cooked-potato1_2', 'craft-beetroot-soup_2', 'craft-bowl1_2', 'cook-food_0', 'cook-food_2', 'craft-cooked-potato_2', 'craft-cooked-potato_1', 'craft-cooked-potato1_1', 'craft-bowl_0', 'cook-food_1']"
train_60,0,10,"(:goal
	(exists (?i - inventory)
(exists (?o - object)
(and 
		(inventory-holding ?i ?o)
		(object-of-type ?o WoodPlank))))
)",True,"(move-to t1 t12)
(pick-up i1 o8 t12)
(move-to t12 t4)
(craft-wood-plank i1 i2 o1 o8 o21 t4)","['craft-bowl1_1', 'craft-bowl_1', 'craft-cooked-potato1_0', 'craft-cooked-potato1_2', 'craft-beetroot-soup_2', 'craft-bowl1_2', 'cook-food_0', 'cook-food_2', 'craft-cooked-potato_2', 'craft-cooked-potato_1', 'craft-stick_1', 'craft-cooked-potato1_1', 'craft-bowl_0', 'cook-food_1']"
train_61,0,10,"(:goal
	(exists (?i - inventory)
(exists (?o - object)
(and 
		(inventory-holding ?i ?o)
		(object-of-type ?o Paper))))
)",True,"(move-to t1 t15)
(pick-up i1 o21 t15)
(move-to t15 t3)
(craft-paper_1 t3 o1 i1 o21 i1 o21 i2 o22)","['craft-bowl1_1', 'craft-bowl_1', 'craft-cooked-potato1_0', 'craft-stick_2', 'craft-cooked-potato1_2', 'craft-beetroot-soup_2', 'craft-bowl1_2', 'cook-food_0', 'cook-food_2', 'craft-cooked-potato_2', 'craft-cooked-potato_1', 'craft-stick_1', 'craft-cooked-potato1_1', 'craft-bowl_0', 'cook-food_1']"
train_62,0,10,"(:goal
	(exists (?i - inventory)
(exists (?o - object)
(and 
		(inventory-holding ?i ?o)
		(object-of-type ?o Bed))))
)",True,"(move-to t1 t14)
(pick-up i1 o9 t14)
(move-to t14 t6)
(pick-up i2 o17 t6)
(move-to t6 t5)
(craft-bed_1 t5 o1 i1 o9 i2 o17 i3 o22)","['craft-bowl1_1', 'craft-bowl_1', 'craft-cooked-potato1_0', 'craft-cooked-potato1_2', 'craft-beetroot-soup_2', 'craft-bowl1_2', 'cook-food_0', 'cook-food_2', 'craft-cooked-potato_2', 'craft-cooked-potato_1', 'craft-cooked-potato1_1', 'craft-bowl_0', 'cook-food_1']"
train_63,0,10,"(:goal
	(exists (?i - inventory)
(exists (?o - object)
(and 
		(inventory-holding ?i ?o)
		(object-of-type ?o CookedPotato))))
)",True,"(move-to t1 t3)
(pick-up i1 o18 t3)
(move-to t3 t13)
(cook_0 t13 o7 i1 o18 i2 o22)","['craft-bowl1_1', 'craft-bowl_1', 'craft-cooked-potato1_0', 'craft-cooked-potato1_2', 'craft-beetroot-soup_2', 'craft-bowl1_2', 'cook-food_0', 'cook-food_2', 'craft-cooked-potato_2', 'craft-cooked-potato_1', 'craft-cooked-potato1_1', 'craft-bowl_0', 'cook-food_1']"
train_63,1,10,"(:goal
	(exists (?i - inventory)
(exists (?o - object)
(and 
		(inventory-holding ?i ?o)
		(object-of-type ?o CookedPotato))))
)",True,"(move-to t1 t3)
(pick-up i1 o18 t3)
(move-to t3 t13)
(cook_0 t13 o7 i1 o18 i2 o22)","['craft-bowl1_1', 'craft-bowl_1', 'craft-cooked-potato1_0', 'craft-cooked-potato1_2', 'craft-beetroot-soup_2', 'craft-bowl1_2', 'cook-food_0', 'cook-food_2', 'craft-cooked-potato_2', 'craft-cooked-potato_1', 'craft-cooked-potato1_1', 'craft-bowl_0', 'cook-food_1']"
train_63,2,10,"(:goal
	(exists (?i - inventory)
(exists (?o - object)
(and 
		(inventory-holding ?i ?o)
		(object-of-type ?o CookedPotato))))
)",True,"(move-to t1 t3)
(pick-up i1 o18 t3)
(move-to t3 t13)
(cook_0 t13 o7 i1 o18 i2 o22)","['craft-bowl1_1', 'craft-bowl_1', 'craft-cooked-potato1_0', 'craft-stick_2', 'craft-cooked-potato1_2', 'craft-beetroot-soup_2', 'craft-bowl1_2', 'cook-food_0', 'cook-food_2', 'craft-cooked-potato_2', 'craft-cooked-potato_1', 'craft-stick_1', 'craft-cooked-potato1_1', 'craft-bowl_0', 'cook-food_1']"
train_64,0,10,"(:goal
	(exists (?i - inventory)
(exists (?o - object)
(and 
		(inventory-holding ?i ?o)
		(object-of-type ?o Bed))))
)",True,"(move-to t1 t11)
(pick-up i1 o9 t11)
(move-to t11 t12)
(pick-up i2 o17 t12)
(move-to t12 t2)
(craft-bed_1 t2 o1 i1 o9 i2 o17 i3 o22)","['craft-bowl1_1', 'craft-bowl_1', 'craft-boat_0', 'craft-cooked-potato1_0', 'craft-cooked-potato1_2', 'craft-beetroot-soup_2', 'craft-bowl1_2', 'cook-food_0', 'cook-food_2', 'craft-cooked-potato_2', 'craft-cooked-potato_1', 'craft-cooked-potato1_1', 'craft-bowl_0', 'cook-food_1']"
train_65,0,10,"(:goal
	(exists (?i - inventory)
(exists (?o - object)
(and 
		(inventory-holding ?i ?o)
		(object-of-type ?o Boat))))
)",False,,"['craft-bowl1_1', 'craft-bowl_1', 'craft-cooked-potato1_0', 'craft-cooked-potato1_2', 'craft-beetroot-soup_2', 'craft-bowl1_2', 'cook-food_0', 'cook-food_2', 'craft-cooked-potato_2', 'craft-cooked-potato_1', 'craft-stick1_0', 'craft-cooked-potato1_1', 'craft-bowl_0', 'cook-food_1']"
train_65,1,10,"(:goal
	(exists (?i - inventory)
(exists (?o - object)
(and 
		(inventory-holding ?i ?o)
		(object-of-type ?o Boat))))
)",False,,"['craft-bowl1_1', 'craft-bowl_1', 'craft-cooked-potato1_0', 'craft-cooked-potato1_2', 'craft-beetroot-soup_2', 'craft-bowl1_2', 'cook-food_0', 'cook-food_2', 'craft-cooked-potato_2', 'craft-cooked-potato_1', 'craft-cooked-potato1_1', 'craft-bowl_0', 'cook-food_1']"
train_65,2,10,"(:goal
	(exists (?i - inventory)
(exists (?o - object)
(and 
		(inventory-holding ?i ?o)
		(object-of-type ?o Boat))))
)",False,,"['craft-bowl1_1', 'craft-bowl_1', 'craft-cooked-potato1_0', 'craft-cooked-potato1_2', 'craft-beetroot-soup_2', 'craft-bowl1_2', 'cook-food_0', 'cook-food_2', 'craft-cooked-potato_2', 'craft-cooked-potato_1', 'craft-cooked-potato1_1', 'craft-bowl_0', 'cook-food_1']"
train_66,0,10,"(:goal
	(exists (?i - inventory)
(exists (?o - object)
(and 
		(inventory-holding ?i ?o)
		(object-of-type ?o Arrow))))
)",True,"(move-to t1 t8)
(pick-up i1 o10 t8)
(move-to t8 t5)
(pick-up i2 o11 t5)
(move-to t5 t2)
(craft-arrow i1 i2 i3 o2 o10 o11 o22 t2)","['craft-bowl1_1', 'craft-bowl_1', 'craft-beetroot-soup_1', 'craft-cooked-potato1_0', 'craft-cooked-potato1_2', 'craft-beetroot-soup_2', 'craft-bowl1_2', 'cook-food_0', 'cook-food_2', 'craft-cooked-potato_2', 'craft-cooked-potato_1', 'craft-cooked-potato1_1', 'craft-bowl_0', 'cook-food_1']"
train_67,0,10,"(:goal
	(exists (?i - inventory)
(exists (?o - object)
(and 
		(inventory-holding ?i ?o)
		(object-of-type ?o Stick))))
)",False,,"['craft-bowl1_1', 'craft-bowl_1', 'craft-cooked-potato1_0', 'craft-cooked-potato1_2', 'craft-beetroot-soup_2', 'craft-bowl1_2', 'cook-food_0', 'cook-food_2', 'craft-cooked-potato_2', 'craft-cooked-potato_1', 'craft-cooked-potato1_1', 'craft-bowl_0', 'cook-food_1']"
train_67,1,10,"(:goal
	(exists (?i - inventory)
(exists (?o - object)
(and 
		(inventory-holding ?i ?o)
		(object-of-type ?o Stick))))
)",True,"(move-to t1 t6)
(pick-up i1 o8 t6)
(move-to t6 t5)
(pick-up i2 o11 t5)
(craft-stick_2 t5 o1 i1 o8 i2 o11 i3 o21)","['craft-bowl1_1', 'craft-bowl_1', 'craft-cooked-potato1_0', 'craft-stick_2', 'craft-cooked-potato1_2', 'craft-beetroot-soup_2', 'craft-bowl1_2', 'cook-food_0', 'cook-food_2', 'craft-cooked-potato_2', 'craft-cooked-potato_1', 'craft-cooked-potato1_1', 'craft-bowl_0', 'cook-food_1']"
train_67,2,10,"(:goal
	(exists (?i - inventory)
(exists (?o - object)
(and 
		(inventory-holding ?i ?o)
		(object-of-type ?o Stick))))
)",True,"(move-to t1 t6)
(pick-up i1 o8 t6)
(move-to t6 t5)
(pick-up i2 o11 t5)
(craft-stick_2 t5 o1 i1 o8 i2 o11 i3 o21)","['craft-bowl1_1', 'craft-bowl_1', 'craft-cooked-potato1_0', 'craft-stick_2', 'craft-cooked-potato1_2', 'craft-beetroot-soup_2', 'craft-bowl1_2', 'cook-food_0', 'cook-food_2', 'craft-cooked-potato_2', 'craft-cooked-potato_1', 'craft-cooked-potato1_1', 'craft-bowl_0', 'cook-food_1']"
train_68,0,10,"(:goal
	(exists (?i - inventory)
(exists (?o - object)
(and 
		(inventory-holding ?i ?o)
		(object-of-type ?o Paper))))
)",True,"(move-to t1 t2)
(pick-up i1 o21 t2)
(move-to t2 t7)
(craft-paper_1 t7 o1 i1 o21 i1 o21 i2 o22)","['craft-bowl1_1', 'craft-bowl_1', 'craft-cooked-potato1_0', 'craft-cooked-potato1_2', 'craft-beetroot-soup_2', 'craft-bowl1_2', 'cook-food_0', 'cook-food_2', 'craft-cooked-potato_2', 'craft-cooked-potato_1', 'craft-cooked-potato1_1', 'craft-bowl_0', 'cook-food_1', 'craft-boat_2']"
train_69,0,10,"(:goal
	(exists (?i - inventory)
(exists (?o - object)
(and 
		(inventory-holding ?i ?o)
		(object-of-type ?o BeetrootSoup))))
)",False,,"['craft-bowl1_1', 'craft-bowl_1', 'craft-cooked-potato1_0', 'craft-cooked-potato1_2', 'craft-beetroot-soup_2', 'craft-bowl1_2', 'cook-food_0', 'cook-food_2', 'craft-cooked-potato_2', 'craft-cooked-potato_1', 'craft-cooked-potato1_1', 'craft-bowl_0', 'cook-food_1']"
train_69,1,10,"(:goal
	(exists (?i - inventory)
(exists (?o - object)
(and 
		(inventory-holding ?i ?o)
		(object-of-type ?o BeetrootSoup))))
)",False,,"['craft-bowl1_1', 'craft-bowl_1', 'craft-boat_1', 'craft-cooked-potato1_0', 'craft-cooked-potato1_2', 'craft-beetroot-soup_2', 'craft-bowl1_2', 'cook-food_0', 'cook-food_2', 'craft-cooked-potato_2', 'craft-cooked-potato_1', 'craft-cooked-potato1_1', 'craft-bowl_0', 'cook-food_1']"
train_69,2,10,"(:goal
	(exists (?i - inventory)
(exists (?o - object)
(and 
		(inventory-holding ?i ?o)
		(object-of-type ?o BeetrootSoup))))
)",False,,"['craft-bowl1_1', 'craft-bowl_1', 'craft-cooked-potato1_0', 'craft-stick_2', 'craft-cooked-potato1_2', 'craft-bowl1_0', 'craft-beetroot-soup_2', 'craft-bowl1_2', 'cook-food_0', 'cook-food_2', 'craft-cooked-potato_2', 'craft-cooked-potato_1', 'craft-cooked-potato1_1', 'craft-bowl_0', 'cook-food_1']"
train_70,0,10,"(:goal
	(exists (?i - inventory)
(exists (?o - object)
(and 
		(inventory-holding ?i ?o)
		(object-of-type ?o Stick))))
)",False,,"['craft-bowl1_1', 'craft-bowl_1', 'craft-cooked-potato1_0', 'craft-cooked-potato1_2', 'craft-beetroot-soup_2', 'craft-bowl1_2', 'cook-food_0', 'cook-food_2', 'craft-cooked-potato_2', 'craft-cooked-potato_1', 'craft-cooked-potato1_1', 'craft-bowl_0', 'cook-food_1']"
train_70,1,10,"(:goal
	(exists (?i - inventory)
(exists (?o - object)
(and 
		(inventory-holding ?i ?o)
		(object-of-type ?o Stick))))
)",False,,"['craft-bowl1_1', 'craft-bowl_1', 'craft-cooked-potato1_0', 'craft-cooked-potato1_2', 'craft-beetroot-soup_2', 'craft-bowl1_2', 'cook-food_0', 'cook-food_2', 'craft-cooked-potato_2', 'craft-cooked-potato_1', 'craft-cooked-potato1_1', 'craft-bowl_0', 'cook-food_1']"
train_70,2,10,"(:goal
	(exists (?i - inventory)
(exists (?o - object)
(and 
		(inventory-holding ?i ?o)
		(object-of-type ?o Stick))))
)",False,,"['craft-bowl1_1', 'craft-bowl_1', 'craft-boat_1', 'craft-cooked-potato1_0', 'craft-cooked-potato1_2', 'craft-beetroot-soup_2', 'craft-bowl1_2', 'craft-cooked-potato_0', 'cook-food_0', 'cook-food_2', 'craft-cooked-potato_2', 'craft-cooked-potato_1', 'craft-cooked-potato1_1', 'craft-bowl_0', 'cook-food_1']"
train_71,0,10,"(:goal
	(exists (?i - inventory)
(exists (?o - object)
(and 
		(inventory-holding ?i ?o)
		(object-of-type ?o Shears))))
)",True,"(move-to t1 t11)
(pick-up i1 o12 t11)
(move-to t11 t6)
(craft-shears1_0 t6 o3 i1 o12 i2 o22)","['craft-bowl1_1', 'craft-bowl_1', 'craft-cooked-potato1_0', 'craft-cooked-potato1_2', 'craft-beetroot-soup_2', 'craft-bowl1_2', 'cook-food_0', 'cook-food_2', 'craft-cooked-potato_2', 'craft-cooked-potato_1', 'craft-cooked-potato1_1', 'craft-bowl_0', 'cook-food_1']"
train_72,0,10,"(:goal
	(exists (?i - inventory)
(exists (?o - object)
(and 
		(inventory-holding ?i ?o)
		(object-of-type ?o WoodPlank))))
)",True,"(move-to t1 t15)
(pick-up i1 o8 t15)
(move-to t15 t1)
(craft-wood-plank i1 i2 o1 o8 o21 t1)","['craft-bowl1_1', 'craft-bowl_1', 'craft-cooked-potato1_0', 'craft-cooked-potato1_2', 'craft-beetroot-soup_2', 'craft-bowl1_2', 'cook-food_0', 'cook-food_2', 'craft-cooked-potato_2', 'craft-cooked-potato_1', 'craft-cooked-potato1_1', 'craft-bowl_0', 'cook-food_1']"
train_73,0,10,"(:goal
	(exists (?i - inventory)
(exists (?o - object)
(and 
		(inventory-holding ?i ?o)
		(object-of-type ?o Bed))))
)",True,"(move-to t1 t5)
(pick-up i1 o9 t5)
(move-to t5 t6)
(pick-up i2 o17 t6)
(move-to t6 t3)
(craft-bed_1 t3 o1 i1 o9 i2 o17 i3 o22)","['craft-bowl1_1', 'craft-bowl_1', 'craft-cooked-potato1_0', 'craft-cooked-potato1_2', 'craft-beetroot-soup_2', 'craft-bowl1_2', 'cook-food_0', 'cook-food_2', 'craft-cooked-potato_2', 'craft-cooked-potato_1', 'craft-cooked-potato1_1', 'craft-bowl_0', 'cook-food_1']"
train_74,0,10,"(:goal
	(exists (?i - inventory)
(exists (?o - object)
(and 
		(inventory-holding ?i ?o)
		(object-of-type ?o IronIngot))))
)",True,"(move-to t1 t3)
(pick-up i1 o13 t3)
(move-to t3 t14)
(pick-up i2 o14 t14)
(move-to t14 t10)
(craft-iron-ingot_2 t10 o1 i1 o13 i2 o14 i3 o21)","['craft-bowl1_1', 'craft-bowl_1', 'craft-cooked-potato1_0', 'craft-cooked-potato1_2', 'craft-beetroot-soup_2', 'craft-bowl1_2', 'cook-food_0', 'cook-food_2', 'craft-cooked-potato_2', 'craft-cooked-potato_1', 'craft-cooked-potato1_1', 'craft-bowl_0', 'cook-food_1']"
train_75,0,10,"(:goal
	(exists (?i - inventory)
(exists (?o - object)
(and 
		(inventory-holding ?i ?o)
		(object-of-type ?o BeetrootSoup))))
)",False,,"['craft-bowl1_1', 'craft-bowl_1', 'craft-cooked-potato1_0', 'craft-cooked-potato1_2', 'craft-beetroot-soup_2', 'craft-bowl1_2', 'cook-food_0', 'cook-food_2', 'craft-cooked-potato_2', 'craft-cooked-potato_1', 'craft-cooked-potato1_1', 'craft-bowl_0', 'cook-food_1']"
train_75,1,10,"(:goal
	(exists (?i - inventory)
(exists (?o - object)
(and 
		(inventory-holding ?i ?o)
		(object-of-type ?o BeetrootSoup))))
)",False,,"['craft-bowl1_1', 'craft-bowl_1', 'craft-cooked-potato1_0', 'craft-cooked-potato1_2', 'craft-beetroot-soup_2', 'craft-bowl1_2', 'cook-food_0', 'cook-food_2', 'craft-cooked-potato_2', 'craft-cooked-potato_1', 'craft-cooked-potato1_1', 'craft-bowl_0', 'cook-food_1']"
train_75,2,10,"(:goal
	(exists (?i - inventory)
(exists (?o - object)
(and 
		(inventory-holding ?i ?o)
		(object-of-type ?o BeetrootSoup))))
)",False,,"['craft-stick1_1', 'craft-bowl1_1', 'craft-bowl_1', 'craft-cooked-potato1_0', 'craft-cooked-potato1_2', 'craft-beetroot-soup_2', 'craft-bowl1_2', 'cook-food_0', 'cook-food_2', 'craft-cooked-potato_2', 'craft-cooked-potato_1', 'craft-cooked-potato1_1', 'craft-bowl_0', 'cook-food_1']"
train_76,0,10,"(:goal
	(exists (?i - inventory)
(exists (?o - object)
(and 
		(inventory-holding ?i ?o)
		(object-of-type ?o GoldIngot))))
)",True,"(move-to t1 t12)
(pick-up i1 o15 t12)
(move-to t12 t10)
(pick-up i2 o14 t10)
(move-to t10 t3)
(craft-gold-ingot_1 t3 o1 i1 o15 i2 o14 i3 o21)","['craft-bowl1_1', 'craft-bowl_1', 'craft-cooked-potato1_0', 'craft-stick_2', 'craft-cooked-potato1_2', 'craft-beetroot-soup_2', 'craft-bowl1_2', 'cook-food_0', 'cook-food_2', 'craft-cooked-potato_2', 'craft-cooked-potato_1', 'craft-cooked-potato1_1', 'craft-bowl_0', 'cook-food_1']"
train_77,0,10,"(:goal
	(exists (?i - inventory)
(exists (?o - object)
(and 
		(inventory-holding ?i ?o)
		(object-of-type ?o Arrow))))
)",True,"(move-to t1 t8)
(pick-up i1 o10 t8)
(move-to t8 t10)
(pick-up i2 o11 t10)
(move-to t10 t14)
(craft-arrow i1 i2 i3 o2 o10 o11 o22 t14)","['craft-bowl1_1', 'craft-bowl_1', 'craft-cooked-potato1_0', 'craft-cooked-potato1_2', 'craft-beetroot-soup_2', 'craft-bowl1_2', 'cook-food_0', 'cook-food_2', 'craft-cooked-potato_2', 'craft-cooked-potato_1', 'craft-cooked-potato1_1', 'craft-bowl_0', 'cook-food_1']"
train_78,0,10,"(:goal
	(exists (?i - inventory)
(exists (?o - object)
(and 
		(inventory-holding ?i ?o)
		(object-of-type ?o Boat))))
)",True,"(move-to t1 t3)
(pick-up i1 o8 t3)
(move-to t3 t9)
(pick-up i2 o12 t9)
(move-to t9 t11)
(craft-boat_2 t11 o6 i1 o8 i2 o12 i3 o22)","['craft-bowl1_1', 'craft-bowl_1', 'craft-cooked-potato1_0', 'craft-cooked-potato1_2', 'craft-beetroot-soup_2', 'craft-bowl1_2', 'cook-food_0', 'cook-food_2', 'craft-cooked-potato_2', 'craft-cooked-potato_1', 'craft-cooked-potato1_1', 'craft-bowl_0', 'cook-food_1', 'craft-boat_2']"
train_78,1,10,"(:goal
	(exists (?i - inventory)
(exists (?o - object)
(and 
		(inventory-holding ?i ?o)
		(object-of-type ?o Boat))))
)",False,,"['craft-bowl1_1', 'craft-bowl_1', 'craft-cooked-potato1_0', 'craft-cooked-potato1_2', 'craft-beetroot-soup_2', 'craft-bowl1_2', 'cook-food_0', 'cook-food_2', 'craft-cooked-potato_2', 'craft-cooked-potato_1', 'craft-cooked-potato1_1', 'craft-bowl_0', 'cook-food_1']"
train_78,2,10,"(:goal
	(exists (?i - inventory)
(exists (?o - object)
(and 
		(inventory-holding ?i ?o)
		(object-of-type ?o Boat))))
)",False,,"['craft-bowl1_1', 'craft-bowl_1', 'craft-cooked-potato1_0', 'craft-cooked-potato1_2', 'craft-beetroot-soup_2', 'craft-bowl1_2', 'cook-food_0', 'cook-food_2', 'craft-cooked-potato_2', 'craft-cooked-potato_1', 'craft-cooked-potato1_1', 'craft-bowl_0', 'cook-food_1']"
train_79,0,10,"(:goal
	(exists (?i - inventory)
(exists (?o - object)
(and 
		(inventory-holding ?i ?o)
		(object-of-type ?o IronIngot))))
)",True,"(pick-up i1 o13 t1)
(move-to t1 t2)
(pick-up i2 o14 t2)
(move-to t2 t4)
(craft-iron-ingot_2 t4 o1 i1 o13 i2 o14 i3 o21)","['craft-bowl1_1', 'craft-bowl_1', 'craft-cooked-potato1_0', 'craft-stick_2', 'craft-cooked-potato1_2', 'craft-beetroot-soup_2', 'craft-bowl1_2', 'cook-food_0', 'cook-food_2', 'craft-cooked-potato_2', 'craft-cooked-potato_1', 'craft-cooked-potato1_1', 'craft-bowl_0', 'cook-food_1']"
train_80,0,10,"(:goal
	(exists (?i - inventory)
(exists (?o - object)
(and 
		(inventory-holding ?i ?o)
		(object-of-type ?o WoodPlank))))
)",True,"(move-to t1 t4)
(pick-up i1 o8 t4)
(move-to t4 t7)
(craft-wood-plank i1 i2 o1 o8 o21 t7)","['craft-bowl1_1', 'craft-bowl_1', 'craft-cooked-potato1_0', 'craft-cooked-potato1_2', 'craft-beetroot-soup_2', 'craft-bowl1_2', 'cook-food_0', 'cook-food_2', 'craft-cooked-potato_2', 'craft-cooked-potato_1', 'craft-cooked-potato1_1', 'craft-bowl_0', 'cook-food_1']"
train_81,0,10,"(:goal
	(exists (?i - inventory)
(exists (?o - object)
(and 
		(inventory-holding ?i ?o)
		(object-of-type ?o BeetrootSoup))))
)",False,,"['craft-bowl1_1', 'craft-bowl_1', 'craft-cooked-potato1_0', 'craft-cooked-potato1_2', 'craft-beetroot-soup_2', 'craft-bowl1_2', 'cook-food_0', 'cook-food_2', 'craft-cooked-potato_2', 'craft-cooked-potato_1', 'craft-cooked-potato1_1', 'craft-bowl_0', 'cook-food_1']"
train_81,1,10,"(:goal
	(exists (?i - inventory)
(exists (?o - object)
(and 
		(inventory-holding ?i ?o)
		(object-of-type ?o BeetrootSoup))))
)",False,,"['craft-bowl1_1', 'craft-bowl_1', 'craft-cooked-potato1_0', 'craft-cooked-potato1_2', 'craft-beetroot-soup_2', 'craft-bowl1_2', 'cook-food_0', 'cook-food_2', 'craft-cooked-potato_2', 'craft-cooked-potato_1', 'craft-cooked-potato1_1', 'craft-bowl_0', 'cook-food_1']"
train_81,2,10,"(:goal
	(exists (?i - inventory)
(exists (?o - object)
(and 
		(inventory-holding ?i ?o)
		(object-of-type ?o BeetrootSoup))))
)",False,,"['craft-bowl1_1', 'craft-bowl_1', 'craft-cooked-potato1_0', 'craft-cooked-potato1_2', 'craft-beetroot-soup_2', 'craft-bowl1_2', 'cook-food_0', 'cook-food_2', 'craft-cooked-potato_2', 'craft-cooked-potato_1', 'craft-cooked-potato1_1', 'craft-bowl_0', 'cook-food_1']"
train_82,0,10,"(:goal
	(exists (?i - inventory)
(exists (?o - object)
(and 
		(inventory-holding ?i ?o)
		(object-of-type ?o Shears))))
)",True,"(move-to t1 t4)
(pick-up i1 o12 t4)
(move-to t4 t14)
(craft-shears1_0 t14 o3 i1 o12 i2 o22)","['craft-bowl1_1', 'craft-bowl_1', 'craft-cooked-potato1_0', 'craft-cooked-potato1_2', 'craft-bowl1_0', 'craft-beetroot-soup_2', 'craft-bowl1_2', 'cook-food_0', 'cook-food_2', 'craft-cooked-potato_2', 'craft-cooked-potato_1', 'craft-cooked-potato1_1', 'craft-bowl_0', 'cook-food_1']"
train_83,0,10,"(:goal
	(exists (?i - inventory)
(exists (?o - object)
(and 
		(inventory-holding ?i ?o)
		(object-of-type ?o Paper))))
)",True,"(move-to t1 t12)
(pick-up i1 o21 t12)
(move-to t12 t4)
(craft-paper_1 t4 o1 i1 o21 i1 o21 i2 o22)","['craft-bowl1_1', 'craft-bowl_1', 'craft-cooked-potato1_0', 'craft-cooked-potato1_2', 'craft-beetroot-soup_2', 'craft-bowl1_2', 'cook-food_0', 'cook-food_2', 'craft-cooked-potato_2', 'craft-cooked-potato_1', 'craft-cooked-potato1_1', 'craft-bowl_0', 'cook-food_1']"
train_84,0,10,"(:goal
	(exists (?i - inventory)
(exists (?o - object)
(and 
		(inventory-holding ?i ?o)
		(object-of-type ?o Stick))))
)",True,"(move-to t1 t10)
(pick-up i1 o8 t10)
(move-to t10 t14)
(craft-stick1_1 t14 o1 i1 o8 i1 o8 i2 o21)","['craft-stick1_1', 'craft-bowl1_1', 'craft-bowl_1', 'craft-cooked-potato1_0', 'craft-cooked-potato1_2', 'craft-beetroot-soup_2', 'craft-bowl1_2', 'cook-food_0', 'cook-food_2', 'craft-cooked-potato_2', 'craft-cooked-potato_1', 'craft-stick_1', 'craft-cooked-potato1_1', 'craft-bowl_0', 'cook-food_1']"
train_84,1,10,"(:goal
	(exists (?i - inventory)
(exists (?o - object)
(and 
		(inventory-holding ?i ?o)
		(object-of-type ?o Stick))))
)",False,,"['craft-bowl1_1', 'craft-bowl_1', 'craft-cooked-potato1_0', 'craft-cooked-potato1_2', 'craft-beetroot-soup_2', 'craft-bowl1_2', 'cook-food_0', 'cook-food_2', 'craft-cooked-potato_2', 'craft-cooked-potato_1', 'craft-cooked-potato1_1', 'craft-bowl_0', 'cook-food_1']"
train_84,2,10,"(:goal
	(exists (?i - inventory)
(exists (?o - object)
(and 
		(inventory-holding ?i ?o)
		(object-of-type ?o Stick))))
)",False,,"['craft-bowl1_1', 'craft-bowl_1', 'craft-cooked-potato1_0', 'craft-cooked-potato1_2', 'craft-beetroot-soup_2', 'craft-bowl1_2', 'cook-food_0', 'cook-food_2', 'craft-cooked-potato_2', 'craft-cooked-potato_1', 'craft-cooked-potato1_1', 'craft-bowl_0', 'cook-food_1']"
train_85,0,10,"(:goal
	(exists (?i - inventory)
(exists (?o - object)
(and 
		(inventory-holding ?i ?o)
		(object-of-type ?o Bowl))))
)",False,,"['craft-bowl1_1', 'craft-bowl_1', 'craft-cooked-potato1_0', 'craft-cooked-potato1_2', 'craft-beetroot-soup_2', 'craft-bowl1_2', 'cook-food_0', 'cook-food_2', 'craft-cooked-potato_2', 'craft-cooked-potato_1', 'craft-cooked-potato1_1', 'craft-bowl_0', 'cook-food_1']"
train_85,1,10,"(:goal
	(exists (?i - inventory)
(exists (?o - object)
(and 
		(inventory-holding ?i ?o)
		(object-of-type ?o Bowl))))
)",False,,"['craft-bowl1_1', 'craft-bowl_1', 'craft-boat_0', 'craft-cooked-potato1_0', 'craft-cooked-potato1_2', 'craft-beetroot-soup_2', 'craft-bowl1_2', 'cook-food_0', 'cook-food_2', 'craft-cooked-potato_2', 'craft-cooked-potato_1', 'craft-stick1_0', 'craft-cooked-potato1_1', 'craft-bowl_0', 'cook-food_1']"
train_85,2,10,"(:goal
	(exists (?i - inventory)
(exists (?o - object)
(and 
		(inventory-holding ?i ?o)
		(object-of-type ?o Bowl))))
)",False,,"['craft-bowl1_1', 'craft-bowl_1', 'craft-cooked-potato1_0', 'craft-cooked-potato1_2', 'craft-beetroot-soup_2', 'craft-bowl1_2', 'cook-food_0', 'cook-food_2', 'craft-cooked-potato_2', 'craft-cooked-potato_1', 'craft-cooked-potato1_1', 'craft-bowl_0', 'cook-food_1']"
train_86,0,10,"(:goal
	(exists (?i - inventory)
(exists (?o - object)
(and 
		(inventory-holding ?i ?o)
		(object-of-type ?o Bed))))
)",True,"(move-to t1 t2)
(pick-up i1 o9 t2)
(move-to t2 t9)
(pick-up i2 o17 t9)
(move-to t9 t12)
(craft-bed_1 t12 o1 i1 o9 i2 o17 i3 o22)","['craft-bowl1_1', 'craft-bowl_1', 'craft-cooked-potato1_0', 'craft-cooked-potato1_2', 'craft-beetroot-soup_2', 'craft-bowl1_2', 'cook-food_0', 'cook-food_2', 'craft-cooked-potato_2', 'craft-cooked-potato_1', 'craft-cooked-potato1_1', 'craft-bowl_0', 'cook-food_1']"
train_87,0,10,"(:goal
	(exists (?i - inventory)
(exists (?o - object)
(and 
		(inventory-holding ?i ?o)
		(object-of-type ?o Paper))))
)",True,"(move-to t1 t8)
(pick-up i1 o21 t8)
(move-to t8 t13)
(craft-paper_1 t13 o1 i1 o21 i1 o21 i2 o22)","['craft-bowl1_1', 'craft-bowl_1', 'craft-cooked-potato1_0', 'craft-cooked-potato1_2', 'craft-beetroot-soup_2', 'craft-bowl1_2', 'cook-food_0', 'cook-food_2', 'craft-cooked-potato_2', 'craft-cooked-potato_1', 'craft-cooked-potato1_1', 'craft-bowl_0', 'cook-food_1']"
train_88,0,10,"(:goal
	(exists (?i - inventory)
(exists (?o - object)
(and 
		(inventory-holding ?i ?o)
		(object-of-type ?o Boat))))
)",False,,"['craft-bowl1_1', 'craft-bowl_1', 'craft-cooked-potato1_0', 'craft-cooked-potato1_2', 'craft-beetroot-soup_2', 'craft-bowl1_2', 'cook-food_0', 'cook-food_2', 'craft-cooked-potato_2', 'craft-cooked-potato_1', 'craft-cooked-potato1_1', 'craft-bowl_0', 'cook-food_1']"
train_88,1,10,"(:goal
	(exists (?i - inventory)
(exists (?o - object)
(and 
		(inventory-holding ?i ?o)
		(object-of-type ?o Boat))))
)",False,,"['craft-bowl1_1', 'craft-bowl_1', 'craft-cooked-potato1_0', 'craft-cooked-potato1_2', 'craft-beetroot-soup_2', 'craft-bowl1_2', 'cook-food_0', 'cook-food_2', 'craft-cooked-potato_2', 'craft-cooked-potato_1', 'craft-cooked-potato1_1', 'craft-bowl_0', 'cook-food_1']"
train_88,2,10,"(:goal
	(exists (?i - inventory)
(exists (?o - object)
(and 
		(inventory-holding ?i ?o)
		(object-of-type ?o Boat))))
)",False,,"['craft-bowl1_1', 'craft-bowl_1', 'craft-cooked-potato1_0', 'craft-cooked-potato1_2', 'craft-beetroot-soup_2', 'craft-bowl1_2', 'craft-cooked-potato_0', 'cook-food_0', 'cook-food_2', 'craft-cooked-potato_2', 'craft-cooked-potato_1', 'craft-cooked-potato1_1', 'craft-bowl_0', 'cook-food_1']"
train_89,0,10,"(:goal
	(exists (?i - inventory)
(exists (?o - object)
(and 
		(inventory-holding ?i ?o)
		(object-of-type ?o Stick))))
)",False,,"['craft-bowl1_1', 'craft-bowl_1', 'craft-cooked-potato1_0', 'craft-cooked-potato1_2', 'craft-beetroot-soup_2', 'craft-bowl1_2', 'cook-food_0', 'cook-food_2', 'craft-cooked-potato_2', 'craft-cooked-potato_1', 'craft-cooked-potato1_1', 'craft-bowl_0', 'cook-food_1']"
train_89,1,10,"(:goal
	(exists (?i - inventory)
(exists (?o - object)
(and 
		(inventory-holding ?i ?o)
		(object-of-type ?o Stick))))
)",False,,"['craft-bowl1_1', 'craft-bowl_1', 'craft-cooked-potato1_0', 'craft-cooked-potato1_2', 'craft-beetroot-soup_2', 'craft-bowl1_2', 'cook-food_0', 'cook-food_2', 'craft-cooked-potato_2', 'craft-cooked-potato_1', 'craft-cooked-potato1_1', 'craft-bowl_0', 'cook-food_1']"
train_89,2,10,"(:goal
	(exists (?i - inventory)
(exists (?o - object)
(and 
		(inventory-holding ?i ?o)
		(object-of-type ?o Stick))))
)",True,"(move-to t1 t9)
(pick-up i1 o8 t9)
(move-to t9 t5)
(craft-stick1_1 t5 o1 i1 o8 i1 o8 i2 o21)","['craft-stick1_1', 'craft-bowl1_1', 'craft-bowl_1', 'craft-cooked-potato1_0', 'craft-cooked-potato1_2', 'craft-beetroot-soup_2', 'craft-bowl1_2', 'cook-food_0', 'cook-food_2', 'craft-cooked-potato_2', 'craft-cooked-potato_1', 'craft-cooked-potato1_1', 'craft-bowl_0', 'cook-food_1']"
train_90,0,10,"(:goal
	(and 
		)
)",True,,"['craft-bowl1_1', 'craft-bowl_1', 'craft-beetroot-soup_1', 'craft-cooked-potato1_0', 'craft-cooked-potato1_2', 'craft-beetroot-soup_2', 'craft-bowl1_2', 'cook-food_0', 'cook-food_2', 'craft-cooked-potato_2', 'craft-cooked-potato_1', 'craft-cooked-potato1_1', 'craft-bowl_0', 'cook-food_1']"
train_90,1,10,"(:goal
	(and 
		)
)",True,,"['craft-bowl1_1', 'craft-bowl_1', 'craft-cooked-potato1_0', 'craft-cooked-potato1_2', 'craft-beetroot-soup_2', 'craft-bowl1_2', 'cook-food_0', 'cook-food_2', 'craft-cooked-potato_2', 'craft-cooked-potato_1', 'craft-cooked-potato1_1', 'craft-bowl_0', 'cook-food_1']"
train_90,2,10,"(:goal
	(and 
		)
)",True,,"['craft-bowl1_1', 'craft-bowl_1', 'craft-cooked-potato1_0', 'craft-cooked-potato1_2', 'craft-beetroot-soup_2', 'craft-bowl1_2', 'craft-cooked-potato_0', 'cook-food_0', 'cook-food_2', 'craft-cooked-potato_2', 'craft-cooked-potato_1', 'craft-cooked-potato1_1', 'craft-bowl_0', 'cook-food_1']"
train_91,0,10,"(:goal
	(exists (?i - inventory)
(exists (?o - object)
(and 
		(inventory-holding ?i ?o)
		(object-of-type ?o Paper))))
)",True,"(move-to t1 t4)
(pick-up i1 o21 t4)
(move-to t4 t14)
(craft-paper_1 t14 o1 i1 o21 i1 o21 i2 o22)","['craft-bowl1_1', 'craft-bowl_1', 'craft-cooked-potato1_0', 'craft-cooked-potato1_2', 'craft-beetroot-soup_2', 'craft-bowl1_2', 'cook-food_0', 'cook-food_2', 'craft-cooked-potato_2', 'craft-cooked-potato_1', 'craft-cooked-potato1_1', 'craft-bowl_0', 'cook-food_1']"
train_92,0,10,"(:goal
	(exists (?i - inventory)
(exists (?o - object)
(and 
		(inventory-holding ?i ?o)
		(object-of-type ?o Paper))))
)",True,"(move-to t1 t3)
(pick-up i1 o21 t3)
(move-to t3 t15)
(craft-paper_1 t15 o1 i1 o21 i1 o21 i2 o22)","['craft-bowl1_1', 'craft-bowl_1', 'craft-cooked-potato1_0', 'craft-cooked-potato1_2', 'craft-beetroot-soup_2', 'craft-bowl1_2', 'cook-food_0', 'cook-food_2', 'craft-cooked-potato_2', 'craft-cooked-potato_1', 'craft-cooked-potato1_1', 'craft-bowl_0', 'cook-food_1']"
train_93,0,10,"(:goal
	(exists (?i - inventory)
(exists (?o - object)
(and 
		(inventory-holding ?i ?o)
		(object-of-type ?o Bowl))))
)",False,,"['craft-bowl1_1', 'craft-bowl_1', 'craft-cooked-potato1_0', 'craft-cooked-potato1_2', 'craft-beetroot-soup_2', 'craft-bowl1_2', 'cook-food_0', 'cook-food_2', 'craft-cooked-potato_2', 'craft-cooked-potato_1', 'craft-cooked-potato1_1', 'craft-bowl_0', 'cook-food_1']"
train_93,1,10,"(:goal
	(exists (?i - inventory)
(exists (?o - object)
(and 
		(inventory-holding ?i ?o)
		(object-of-type ?o Bowl))))
)",False,,"['craft-bowl1_1', 'craft-bowl_1', 'craft-cooked-potato1_0', 'craft-cooked-potato1_2', 'craft-beetroot-soup_2', 'craft-bowl1_2', 'cook-food_0', 'cook-food_2', 'craft-cooked-potato_2', 'craft-cooked-potato_1', 'craft-cooked-potato1_1', 'craft-bowl_0', 'cook-food_1']"
train_93,2,10,"(:goal
	(exists (?i - inventory)
(exists (?o - object)
(and 
		(inventory-holding ?i ?o)
		(object-of-type ?o Bowl))))
)",False,,"['craft-bowl1_1', 'craft-bowl_1', 'craft-cooked-potato1_0', 'craft-cooked-potato1_2', 'craft-beetroot-soup_2', 'craft-bowl1_2', 'cook-food_0', 'cook-food_2', 'craft-cooked-potato_2', 'craft-cooked-potato_1', 'craft-cooked-potato1_1', 'craft-bowl_0', 'cook-food_1']"
train_94,0,10,"(:goal
	(exists (?i - inventory)
(exists (?o - object)
(and 
		(inventory-holding ?i ?o)
		(object-of-type ?o Bed))))
)",True,"(move-to t1 t13)
(pick-up i1 o9 t13)
(move-to t13 t5)
(pick-up i2 o17 t5)
(move-to t5 t14)
(craft-bed_1 t14 o1 i1 o9 i2 o17 i3 o22)","['craft-bowl1_1', 'craft-bowl_1', 'craft-cooked-potato1_0', 'craft-cooked-potato1_2', 'craft-bowl1_0', 'craft-beetroot-soup_2', 'craft-bowl1_2', 'cook-food_0', 'cook-food_2', 'craft-cooked-potato_2', 'craft-cooked-potato_1', 'craft-cooked-potato1_1', 'craft-bowl_0', 'cook-food_1']"
train_95,0,10,"(:goal
	(exists (?i - inventory)
(exists (?o - object)
(and 
		(inventory-holding ?i ?o)
		(object-of-type ?o Stick))))
)",False,,"['craft-bowl1_1', 'craft-bowl_1', 'craft-boat_0', 'craft-cooked-potato1_0', 'craft-cooked-potato1_2', 'craft-beetroot-soup_2', 'craft-bowl1_2', 'cook-food_0', 'cook-food_2', 'craft-cooked-potato_2', 'craft-cooked-potato_1', 'craft-cooked-potato1_1', 'craft-bowl_0', 'cook-food_1']"
train_95,1,10,"(:goal
	(exists (?i - inventory)
(exists (?o - object)
(and 
		(inventory-holding ?i ?o)
		(object-of-type ?o Stick))))
)",False,,"['craft-bowl1_1', 'craft-bowl_1', 'craft-cooked-potato1_0', 'craft-cooked-potato1_2', 'craft-beetroot-soup_2', 'craft-bowl1_2', 'cook-food_0', 'cook-food_2', 'craft-cooked-potato_2', 'craft-cooked-potato_1', 'craft-cooked-potato1_1', 'craft-bowl_0', 'cook-food_1']"
train_95,2,10,"(:goal
	(exists (?i - inventory)
(exists (?o - object)
(and 
		(inventory-holding ?i ?o)
		(object-of-type ?o Stick))))
)",False,,"['craft-bowl1_1', 'craft-bowl_1', 'craft-cooked-potato1_0', 'craft-cooked-potato1_2', 'craft-beetroot-soup_2', 'craft-bowl1_2', 'cook-food_0', 'cook-food_2', 'craft-cooked-potato_2', 'craft-cooked-potato_1', 'craft-cooked-potato1_1', 'craft-bowl_0', 'cook-food_1']"
train_96,0,10,"(:goal
	(exists (?i - inventory)
(exists (?o - object)
(and 
		(inventory-holding ?i ?o)
		(object-of-type ?o Bowl))))
)",False,,"['craft-bowl1_1', 'craft-bowl_1', 'craft-cooked-potato1_0', 'craft-cooked-potato1_2', 'craft-beetroot-soup_2', 'craft-bowl1_2', 'cook-food_0', 'cook-food_2', 'craft-cooked-potato_2', 'craft-cooked-potato_1', 'craft-stick_1', 'craft-cooked-potato1_1', 'craft-bowl_0', 'cook-food_1']"
train_96,1,10,"(:goal
	(exists (?i - inventory)
(exists (?o - object)
(and 
		(inventory-holding ?i ?o)
		(object-of-type ?o Bowl))))
)",False,,"['craft-bowl1_1', 'craft-bowl_1', 'craft-cooked-potato1_0', 'craft-cooked-potato1_2', 'craft-beetroot-soup_2', 'craft-bowl1_2', 'cook-food_0', 'cook-food_2', 'craft-cooked-potato_2', 'craft-cooked-potato_1', 'craft-cooked-potato1_1', 'craft-bowl_0', 'cook-food_1']"
train_96,2,10,"(:goal
	(exists (?i - inventory)
(exists (?o - object)
(and 
		(inventory-holding ?i ?o)
		(object-of-type ?o Bowl))))
)",False,,"['craft-bowl1_1', 'craft-bowl_1', 'craft-cooked-potato1_0', 'craft-cooked-potato1_2', 'craft-beetroot-soup_2', 'craft-bowl1_2', 'cook-food_0', 'cook-food_2', 'craft-cooked-potato_2', 'craft-cooked-potato_1', 'craft-cooked-potato1_1', 'craft-bowl_0', 'cook-food_1']"
train_97,0,10,"(:goal
	(exists (?i - inventory)
(exists (?o - object)
(and 
		(inventory-holding ?i ?o)
		(object-of-type ?o Stick))))
)",False,,"['craft-bowl1_1', 'craft-bowl_1', 'craft-cooked-potato1_0', 'craft-cooked-potato1_2', 'craft-beetroot-soup_2', 'craft-bowl1_2', 'cook-food_0', 'cook-food_2', 'craft-cooked-potato_2', 'craft-cooked-potato_1', 'craft-cooked-potato1_1', 'craft-bowl_0', 'cook-food_1']"
train_97,1,10,"(:goal
	(exists (?i - inventory)
(exists (?o - object)
(and 
		(inventory-holding ?i ?o)
		(object-of-type ?o Stick))))
)",False,,"['craft-bowl1_1', 'craft-bowl_1', 'craft-cooked-potato1_0', 'craft-cooked-potato1_2', 'craft-beetroot-soup_2', 'craft-bowl1_2', 'cook-food_0', 'cook-food_2', 'craft-cooked-potato_2', 'craft-cooked-potato_1', 'craft-cooked-potato1_1', 'craft-bowl_0', 'cook-food_1']"
train_97,2,10,"(:goal
	(exists (?i - inventory)
(exists (?o - object)
(and 
		(inventory-holding ?i ?o)
		(object-of-type ?o Stick))))
)",True,"(move-to t1 t11)
(pick-up i1 o8 t11)
(move-to t11 t5)
(craft-stick1_1 t5 o1 i1 o8 i1 o8 i2 o21)","['craft-stick1_1', 'craft-bowl1_1', 'craft-bowl_1', 'craft-cooked-potato1_0', 'craft-cooked-potato1_2', 'craft-beetroot-soup_2', 'craft-bowl1_2', 'cook-food_0', 'cook-food_2', 'craft-cooked-potato_2', 'craft-cooked-potato_1', 'craft-cooked-potato1_1', 'craft-bowl_0', 'cook-food_1']"
train_98,0,10,"(:goal
	(exists (?i - inventory)
(exists (?o - object)
(and 
		(inventory-holding ?i ?o)
		(object-of-type ?o CookedPotato))))
)",True,"(move-to t1 t11)
(pick-up i1 o18 t11)
(move-to t11 t6)
(cook_0 t6 o7 i1 o18 i2 o22)","['craft-bowl1_1', 'craft-bowl_1', 'craft-boat_0', 'craft-cooked-potato1_0', 'craft-cooked-potato1_2', 'craft-beetroot-soup_2', 'craft-bowl1_2', 'cook-food_0', 'cook-food_2', 'craft-cooked-potato_2', 'craft-cooked-potato_1', 'craft-cooked-potato1_1', 'craft-bowl_0', 'cook-food_1']"
train_98,1,10,"(:goal
	(exists (?i - inventory)
(exists (?o - object)
(and 
		(inventory-holding ?i ?o)
		(object-of-type ?o CookedPotato))))
)",True,"(move-to t1 t11)
(pick-up i1 o18 t11)
(move-to t11 t6)
(cook_0 t6 o7 i1 o18 i2 o22)","['craft-bowl1_1', 'craft-bowl_1', 'craft-cooked-potato1_0', 'craft-cooked-potato1_2', 'craft-beetroot-soup_2', 'craft-bowl1_2', 'cook-food_0', 'cook-food_2', 'craft-cooked-potato_2', 'craft-cooked-potato_1', 'craft-cooked-potato1_1', 'craft-bowl_0', 'cook-food_1']"
train_98,2,10,"(:goal
	(exists (?i - inventory)
(exists (?o - object)
(and 
		(inventory-holding ?i ?o)
		(object-of-type ?o CookedPotato))))
)",True,"(move-to t1 t11)
(pick-up i1 o18 t11)
(move-to t11 t6)
(cook_0 t6 o7 i1 o18 i2 o22)","['craft-bowl1_1', 'craft-bowl_1', 'craft-cooked-potato1_0', 'craft-cooked-potato1_2', 'craft-beetroot-soup_2', 'craft-bowl1_2', 'cook-food_0', 'cook-food_2', 'craft-cooked-potato_2', 'craft-cooked-potato_1', 'craft-stick_1', 'craft-cooked-potato1_1', 'craft-bowl_0', 'cook-food_1']"
train_99,0,10,"(:goal
	(exists (?i - inventory)
(exists (?o - object)
(and 
		(inventory-holding ?i ?o)
		(object-of-type ?o CookedPotato))))
)",True,"(move-to t1 t6)
(pick-up i1 o18 t6)
(move-to t6 t5)
(cook_0 t5 o7 i1 o18 i2 o22)","['craft-bowl1_1', 'craft-bowl_1', 'craft-cooked-potato1_0', 'craft-cooked-potato1_2', 'craft-beetroot-soup_2', 'craft-bowl1_2', 'cook-food_0', 'craft-stick1_0', 'cook-food_2', 'craft-cooked-potato_2', 'craft-cooked-potato_1', 'craft-stick_1', 'craft-cooked-potato1_1', 'craft-bowl_0', 'cook-food_1']"
train_99,1,10,"(:goal
	(exists (?i - inventory)
(exists (?o - object)
(and 
		(inventory-holding ?i ?o)
		(object-of-type ?o CookedPotato))))
)",True,"(move-to t1 t6)
(pick-up i1 o18 t6)
(move-to t6 t5)
(cook_0 t5 o7 i1 o18 i2 o22)","['craft-bowl1_1', 'craft-bowl_1', 'craft-cooked-potato1_0', 'craft-cooked-potato1_2', 'craft-beetroot-soup_2', 'craft-bowl1_2', 'cook-food_0', 'cook-food_2', 'craft-cooked-potato_2', 'craft-cooked-potato_1', 'craft-cooked-potato1_1', 'craft-bowl_0', 'cook-food_1']"
train_99,2,10,"(:goal
	(exists (?i - inventory)
(exists (?o - object)
(and 
		(inventory-holding ?i ?o)
		(object-of-type ?o CookedPotato))))
)",True,"(move-to t1 t6)
(pick-up i1 o18 t6)
(move-to t6 t5)
(cook_0 t5 o7 i1 o18 i2 o22)","['craft-bowl1_1', 'craft-bowl_1', 'craft-cooked-potato1_0', 'craft-cooked-potato1_2', 'craft-beetroot-soup_2', 'craft-bowl1_2', 'cook-food_0', 'cook-food_2', 'craft-cooked-potato_2', 'craft-cooked-potato_1', 'craft-cooked-potato1_1', 'craft-bowl_0', 'cook-food_1']"
train_0,0,10,"(:goal
	(exists (?i - inventory)
(exists (?o - object)
(and 
		(inventory-holding ?i ?o)
		(object-of-type ?o BeetrootSoup))))
)",False,,[]
train_7,0,10,"(:goal
	(exists (?i - inventory)
(exists (?o1 - object)
(exists (?o2 - object)
(and 
		(inventory-holding ?i ?o1)
		(inventory-holding ?i ?o2)
		(object-of-type ?o1 Beetroot)
		(object-of-type ?o2 Bowl)))))
)",False,,[]
train_8,0,10,"(:goal
	(exists (?i - inventory)
(exists (?o - object)
(and 
		(inventory-holding ?i ?o)
		(object-of-type ?o Stick))))
)",False,,[]
train_9,0,10,"(:goal
	(exists (?i - inventory)
(exists (?o - object)
(and 
		(inventory-holding ?i ?o)
		(object-of-type ?o BeetrootSoup))))
)",False,,[]
train_12,0,10,"(:goal
	(exists (?i - inventory)
(exists (?o - object)
(and 
		(inventory-holding ?i ?o)
		(object-of-type ?o Bowl))))
)",False,,[]
train_15,0,10,"(:goal
	(exists (?i - inventory)
(exists (?o - object)
(and 
		(inventory-holding ?i ?o)
		(object-of-type ?o BeetrootSoup))))
)",False,,[]
train_19,0,10,"(:goal
	(exists (?i - inventory)
(exists (?o - object)
(and 
		(inventory-holding ?i ?o)
		(object-of-type ?o Boat))))
)",False,,[]
train_21,0,10,"(:goal
	(exists (?i - inventory)
(exists (?o - object)
(and 
		(inventory-holding ?i ?o)
		(object-of-type ?o Bowl))))
)",False,,[]
train_25,0,10,"(:goal
	(exists (?i - inventory)
(exists (?o - object)
(and 
		(inventory-holding ?i ?o)
		(object-of-type ?o CookedPotato))))
)",True,"(move-to t1 t12)
(pick-up i1 o18 t12)
(move-to t12 t7)
(cook_0 t7 o7 i1 o18 i2 o22)",[]
train_26,0,10,"(:goal
	(exists (?i - inventory)
(exists (?o - object)
(and 
		(inventory-holding ?i ?o)
		(object-of-type ?o CookedPotato))))
)",True,"(pick-up i1 o18 t1)
(move-to t1 t13)
(cook_0 t13 o7 i1 o18 i2 o22)",[]
train_28,0,10,"(:goal
	(exists (?i - inventory)
(exists (?o - object)
(and 
		(inventory-holding ?i ?o)
		(object-of-type ?o CookedPotato))))
)",True,"(move-to t1 t11)
(pick-up i1 o18 t11)
(move-to t11 t6)
(cook_0 t6 o7 i1 o18 i2 o22)",[]
train_30,0,10,"(:goal
	(exists (?i - inventory)
(exists (?o - object)
(and 
		(inventory-holding ?i ?o)
		(object-of-type ?o CookedPotato))))
)",True,"(move-to t1 t7)
(pick-up i1 o18 t7)
(move-to t7 t12)
(cook_0 t12 o7 i1 o18 i2 o22)",[]
train_32,0,10,"(:goal
	(exists (?i - inventory)
(exists (?o - object)
(and 
		(inventory-holding ?i ?o)
		(object-of-type ?o Bowl))))
)",False,,[]
train_35,0,10,"(:goal
	(exists (?i - inventory)
(exists (?o - object)
(and 
		(inventory-holding ?i ?o)
		(object-of-type ?o Boat))))
)",False,,[]
train_36,0,10,"(:goal
	(exists (?i - inventory)
(exists (?o - object)
(and 
		(inventory-holding ?i ?o)
		(object-of-type ?o Boat))))
)",False,,[]
train_37,0,10,"(:goal
	(exists (?i - inventory)
(exists (?o - object)
(and 
		(inventory-holding ?i ?o)
		(object-of-type ?o Stick))))
)",False,,[]
train_38,0,10,"(:goal
	(exists (?i - inventory)
(exists (?o - object)
(and 
		(inventory-holding ?i ?o)
		(object-of-type ?o BeetrootSoup))))
)",False,,[]
train_40,0,10,"(:goal
	(exists (?i - inventory)
(exists (?o - object)
(and 
		(inventory-holding ?i ?o)
		(object-of-type ?o BeetrootSoup))))
)",False,,[]
train_43,0,10,"(:goal
	(exists (?i - inventory)
(exists (?o1 - object)
(exists (?o2 - object)
(exists (?o3 - object)
(exists (?o4 - object)
(and 
		(inventory-holding ?i ?o1)
		(inventory-holding ?i ?o2)
		(inventory-holding ?i ?o3)
		(inventory-holding ?i ?o4)
		(object-of-type ?o1 Beetroot)
		(object-of-type ?o2 Beetroot)
		(object-of-type ?o3 Beetroot)
		(object-of-type ?o4 Bowl)))))))
)",False,,[]
train_44,0,10,"(:goal
	(exists (?i - inventory)
(exists (?o - object)
(and 
		(inventory-holding ?i ?o)
		(object-of-type ?o Bowl))))
)",False,,[]
train_46,0,10,"(:goal
	(exists (?i - inventory)
(exists (?o - object)
(and 
		(inventory-holding ?i ?o)
		(object-of-type ?o Bowl))))
)",False,,[]
train_48,0,10,"(:goal
	(exists (?i - inventory)
(exists (?o - object)
(and 
		(inventory-holding ?i ?o)
		(object-of-type ?o Bowl))))
)",False,,[]
train_52,0,10,"(:goal
	(exists (?i - inventory)
(exists (?o - object)
(and 
		(inventory-holding ?i ?o)
		(object-of-type ?o Boat))))
)",False,,[]
train_59,0,10,"(:goal
	(exists (?i - inventory)
(exists (?o - object)
(and 
		(inventory-holding ?i ?o)
		(object-of-type ?o CookedPotato))))
)",True,"(move-to t1 t12)
(pick-up i1 o18 t12)
(move-to t12 t13)
(cook_0 t13 o7 i1 o18 i2 o22)",[]
train_63,0,10,"(:goal
	(exists (?i - inventory)
(exists (?o - object)
(and 
		(inventory-holding ?i ?o)
		(object-of-type ?o CookedPotato))))
)",True,"(move-to t1 t3)
(pick-up i1 o18 t3)
(move-to t3 t13)
(cook_0 t13 o7 i1 o18 i2 o22)",[]
train_65,0,10,"(:goal
	(exists (?i - inventory)
(exists (?o - object)
(and 
		(inventory-holding ?i ?o)
		(object-of-type ?o Boat))))
)",False,,[]
train_67,0,10,"(:goal
	(exists (?i - inventory)
(exists (?o - object)
(and 
		(inventory-holding ?i ?o)
		(object-of-type ?o Stick))))
)",False,,[]
train_69,0,10,"(:goal
	(exists (?i - inventory)
(exists (?o - object)
(and 
		(inventory-holding ?i ?o)
		(object-of-type ?o BeetrootSoup))))
)",False,,[]
train_70,0,10,"(:goal
	(exists (?i - inventory)
(exists (?o - object)
(and 
		(inventory-holding ?i ?o)
		(object-of-type ?o Stick))))
)",False,,[]
train_75,0,10,"(:goal
	(exists (?i - inventory)
(exists (?o - object)
(and 
		(inventory-holding ?i ?o)
		(object-of-type ?o BeetrootSoup))))
)",False,,[]
train_78,0,10,"(:goal
	(exists (?i - inventory)
(exists (?o - object)
(and 
		(inventory-holding ?i ?o)
		(object-of-type ?o Boat))))
)",False,,[]
train_81,0,10,"(:goal
	(exists (?i - inventory)
(exists (?o - object)
(and 
		(inventory-holding ?i ?o)
		(object-of-type ?o BeetrootSoup))))
)",False,,[]
train_84,0,10,"(:goal
	(exists (?i - inventory)
(exists (?o - object)
(and 
		(inventory-holding ?i ?o)
		(object-of-type ?o Stick))))
)",False,,[]
train_85,0,10,"(:goal
	(exists (?i - inventory)
(exists (?o - object)
(and 
		(inventory-holding ?i ?o)
		(object-of-type ?o Bowl))))
)",False,,[]
train_88,0,10,"(:goal
	(exists (?i - inventory)
(exists (?o - object)
(and 
		(inventory-holding ?i ?o)
		(object-of-type ?o Boat))))
)",False,,[]
train_89,0,10,"(:goal
	(exists (?i - inventory)
(exists (?o - object)
(and 
		(inventory-holding ?i ?o)
		(object-of-type ?o Stick))))
)",False,,[]
train_90,0,10,"(:goal
	(and 
		)
)",True,,[]
train_93,0,10,"(:goal
	(exists (?i - inventory)
(exists (?o - object)
(and 
		(inventory-holding ?i ?o)
		(object-of-type ?o Bowl))))
)",False,,[]
train_95,0,10,"(:goal
	(exists (?i - inventory)
(exists (?o - object)
(and 
		(inventory-holding ?i ?o)
		(object-of-type ?o Stick))))
)",False,,[]
train_96,0,10,"(:goal
	(exists (?i - inventory)
(exists (?o - object)
(and 
		(inventory-holding ?i ?o)
		(object-of-type ?o Bowl))))
)",False,,[]
train_97,0,10,"(:goal
	(exists (?i - inventory)
(exists (?o - object)
(and 
		(inventory-holding ?i ?o)
		(object-of-type ?o Stick))))
)",False,,[]
train_98,0,10,"(:goal
	(exists (?i - inventory)
(exists (?o - object)
(and 
		(inventory-holding ?i ?o)
		(object-of-type ?o CookedPotato))))
)",True,"(move-to t1 t11)
(pick-up i1 o18 t11)
(move-to t11 t6)
(cook_0 t6 o7 i1 o18 i2 o22)",[]
train_99,0,10,"(:goal
	(exists (?i - inventory)
(exists (?o - object)
(and 
		(inventory-holding ?i ?o)
		(object-of-type ?o CookedPotato))))
)",True,"(move-to t1 t6)
(pick-up i1 o18 t6)
(move-to t6 t5)
(cook_0 t5 o7 i1 o18 i2 o22)",[]
