operator_name,gt_operator,operator_body,n_operator_successes,n_operator_attempts,score,
PickupObject_0,,"(:action PickupObject_0
        :parameters (?a - agent ?l - location ?o - object)

        :precondition (and 
		(atLocation ?a ?l)
		(objectAtLocation ?o ?l)
		(not (holdsAny ?a))
		)
        :effect (and 
		(holds ?a ?o)
		)
)",0.1,0.1,1.0,
PickupObject_1,,"(:action PickupObject_1
        :parameters (?toolObject - object ?a - agent ?l - location ?o - object)

        :precondition (and 
		(objectType ?toolObject MugType)
		(atLocation ?a ?l)
		(objectAtLocation ?o ?l)
		(not (holdsAny ?a))
		(holds ?a ?toolObject)
		)
        :effect (and 
		(holds ?a ?o)
		)
)",0.1,0.1,1.0,
PickupObject_2,,"(:action PickupObject_2
        :parameters (?toolReceptacle - receptacle ?a - agent ?l - location ?o - object)

        :precondition (and 
		(receptacleType ?toolReceptacle CartType)
		(atLocation ?a ?l)
		(objectAtLocation ?o ?l)
		(not (holdsAny ?a))
		)
        :effect (and 
		(holds ?a ?o)
		)
)",0.1,0.1,1.0,
PutObject_0,,"(:action PutObject_0
        :parameters (?a - agent ?l - location ?r - receptacle ?o - object)

        :precondition (and 
		(atLocation ?a ?l)
		(receptacleAtLocation ?r ?l)
		(objectAtLocation ?o ?l)
		(holds ?a ?o)
		(receptacleType ?r SinkBasinType)
		)
        :effect (and 
		(inReceptacle ?o ?r)
		)
)",0.1,0.1,1.0,
PutObject_1,,"(:action PutObject_1
        :parameters (?a - agent ?l - location ?r - receptacle ?o - object)

        :precondition (and 
		(atLocation ?a ?l)
		(receptacleAtLocation ?r ?l)
		(objectAtLocation ?o ?l)
		(holds ?a ?o)
		(receptacleType ?r SafeType)
		)
        :effect (and 
		(inReceptacle ?o ?r)
		)
)",0.1,0.1,1.0,
PutObject_2,,"(:action PutObject_2
        :parameters (?a - agent ?l - location ?r - receptacle ?o - object)

        :precondition (and 
		(atLocation ?a ?l)
		(receptacleAtLocation ?r ?l)
		(objectAtLocation ?o ?l)
		(holds ?a ?o)
		)
        :effect (and 
		(inReceptacle ?o ?r)
		)
)",0.1,0.1,1.0,
CutObject_0,,"(:action CutObject_0
        :parameters (?toolobject - object ?a - agent ?l - location ?o - object)

        :precondition (and 
		(objectType ?toolobject KnifeType)
		(atLocation ?a ?l)
		(objectAtLocation ?o ?l)
		(holds ?a ?toolobject)
		)
        :effect (and 
		(isSliced ?o)
		)
)",6.1,6.1,1.0,
CutObject_2,,"(:action CutObject_2
        :parameters (?toolobject - object ?a - agent ?l - location ?o - object)

        :precondition (and 
		(objectType ?toolobject ButterKnifeType)
		(atLocation ?a ?l)
		(objectAtLocation ?o ?l)
		(holds ?a ?toolobject)
		)
        :effect (and 
		(isSliced ?o)
		)
)",1.1,1.1,1.0,
WashObject_0,,"(:action WashObject_0
        :parameters (?a - agent ?l - location ?o - object ?toolobject - object)

        :precondition (and 
		(atLocation ?a ?l)
		(objectAtLocation ?o ?l)
		(cleanable ?o)
		(holds ?a ?toolobject)
		)
        :effect (and 
		(isClean ?o)
		)
)",0.1,0.1,1.0,
WashObject_1,,"(:action WashObject_1
        :parameters (?toolreceptacle - receptacle ?a - agent ?l - location ?o - object)

        :precondition (and 
		(receptacleType ?toolreceptacle SinkBasinType)
		(atLocation ?a ?l)
		(receptacleAtLocation ?toolreceptacle ?l)
		(holds ?a ?o)
		)
        :effect (and 
		(isClean ?o)
		)
)",0.1,0.1,1.0,
OpenObject_0,"(:action OpenObject
        :parameters (?a - agent ?l - location ?r - receptacle)
        :precondition (and
            (atLocation ?a ?l)
            (receptacleAtLocation ?r ?l)
            (openable ?r)
            
            
            
            
        )
        :effect (and
            (opened ?r)
        )
    )","(:action OpenObject_0
        :parameters (?toolobject - object ?a - agent ?l - location ?o - receptacle)

        :precondition (and 
		(objectType ?toolobject ButterKnifeType)
		(atLocation ?a ?l)
		(objectAtLocation ?o ?l)
		(holds ?a ?toolobject)
		)
        :effect (and 
		(opened ?o)
		)
)",0.1,0.1,1.0,
OpenObject_1,"(:action OpenObject
        :parameters (?a - agent ?l - location ?r - receptacle)
        :precondition (and
            (atLocation ?a ?l)
            (receptacleAtLocation ?r ?l)
            (openable ?r)
            
            
            
            
        )
        :effect (and
            (opened ?r)
        )
    )","(:action OpenObject_1
        :parameters (?toolreceptacle - receptacle ?a - agent ?l - location ?o - receptacle)

        :precondition (and 
		(receptacleType ?toolreceptacle SafeType)
		(atLocation ?a ?l)
		(receptacleAtLocation ?toolreceptacle ?l)
		(holds ?a ?o)
		)
        :effect (and 
		(opened ?o)
		)
)",0.1,0.1,1.0,
OpenObject_2,"(:action OpenObject
        :parameters (?a - agent ?l - location ?r - receptacle)
        :precondition (and
            (atLocation ?a ?l)
            (receptacleAtLocation ?r ?l)
            (openable ?r)
            
            
            
            
        )
        :effect (and
            (opened ?r)
        )
    )","(:action OpenObject_2
        :parameters (?a - agent ?l - location ?o - receptacle)

        :precondition (and 
		(atLocation ?a ?l)
		(objectAtLocation ?o ?l)
		)
        :effect (and 
		(opened ?o)
		)
)",0.1,0.1,1.0,
TurnOnObject_0,,"(:action TurnOnObject_0
        :parameters (?a - agent ?l - location ?o - object)

        :precondition (and 
		(atLocation ?a ?l)
		(objectAtLocation ?o ?l)
		(toggleable ?o)
		)
        :effect (and 
		(isOn ?o)
		)
)",0.1,0.1,1.0,
TurnOnObject_1,,"(:action TurnOnObject_1
        :parameters (?a - agent ?l - location ?o - object ?toolobject - object)

        :precondition (and 
		(atLocation ?a ?l)
		(objectAtLocation ?o ?l)
		(toggleable ?o)
		(holds ?a ?toolobject)
		)
        :effect (and 
		(isOn ?o)
		)
)",0.1,0.1,1.0,
TurnOnObject_2,,"(:action TurnOnObject_2
        :parameters (?a - agent ?l - location ?toolreceptacle - receptacle ?o - object)

        :precondition (and 
		(atLocation ?a ?l)
		(receptacleAtLocation ?toolreceptacle ?l)
		(objectAtLocation ?o ?l)
		(toggleable ?o)
		(holds ?a ?o)
		)
        :effect (and 
		(isOn ?o)
		)
)",0.1,0.1,1.0,
TurnOnLight_0,,"(:action TurnOnLight_0
        :parameters (?a - agent ?l - location ?o - object)

        :precondition (and 
		(atLocation ?a ?l)
		(objectAtLocation ?o ?l)
		(toggleable ?o)
		)
        :effect (and 
		(isOn ?o)
		)
)",0.1,0.1,1.0,
TurnOnLight_1,,"(:action TurnOnLight_1
        :parameters (?a - agent ?l - location ?o - object ?switch - object)

        :precondition (and 
		(atLocation ?a ?l)
		(objectAtLocation ?o ?l)
		(objectAtLocation ?switch ?l)
		(toggleable ?o)
		(holds ?a ?switch)
		)
        :effect (and 
		(isOn ?o)
		)
)",0.1,0.1,1.0,
TurnOnLight_2,,"(:action TurnOnLight_2
        :parameters (?a - agent ?l - location ?o - object ?button - object)

        :precondition (and 
		(atLocation ?a ?l)
		(objectAtLocation ?o ?l)
		(objectAtLocation ?button ?l)
		(toggleable ?o)
		(holds ?a ?button)
		)
        :effect (and 
		(isOn ?o)
		)
)",0.1,0.1,1.0,
TurnOffObject_0,,"(:action TurnOffObject_0
        :parameters (?a - agent ?l - location ?o - object ?toolobject - object)

        :precondition (and 
		(atLocation ?a ?l)
		(objectAtLocation ?o ?l)
		(toggleable ?o)
		(holds ?a ?toolobject)
		)
        :effect (and 
		(not (isOn ?o))
		)
)",0.1,0.1,1.0,
TurnOffObject_1,,"(:action TurnOffObject_1
        :parameters (?a - agent ?l - location ?toolreceptacle - receptacle ?o - object)

        :precondition (and 
		(atLocation ?a ?l)
		(receptacleAtLocation ?toolreceptacle ?l)
		(toggleable ?o)
		(inReceptacle ?o ?toolreceptacle)
		)
        :effect (and 
		(not (isOn ?o))
		)
)",0.1,0.1,1.0,
TurnOffObject_2,,"(:action TurnOffObject_2
        :parameters (?a - agent ?l - location ?o - object)

        :precondition (and 
		(atLocation ?a ?l)
		(objectAtLocation ?o ?l)
		(toggleable ?o)
		)
        :effect (and 
		(not (isOn ?o))
		)
)",0.1,0.1,1.0,
WarmObject_0,,"(:action WarmObject_0
        :parameters (?toolreceptacle - receptacle ?a - agent ?l - location ?o - object)

        :precondition (and 
		(receptacleType ?toolreceptacle MicrowaveType)
		(atLocation ?a ?l)
		(receptacleAtLocation ?toolreceptacle ?l)
		(holds ?a ?o)
		)
        :effect (and 
		(isHot ?o)
		)
)",0.1,0.1,1.0,
ChillObject_0,,"(:action ChillObject_0
        :parameters (?toolobject - object ?a - agent ?l - location ?o - object)

        :precondition (and 
		(objectType ?toolobject SinkType)
		(atLocation ?a ?l)
		(objectAtLocation ?o ?l)
		(coolable ?o)
		(holds ?a ?toolobject)
		)
        :effect (and 
		(isCool ?o)
		)
)",0.1,0.1,1.0,
TurnObjectOn_0,,"(:action TurnObjectOn_0
        :parameters (?a - agent ?l - location ?o - object)

        :precondition (and 
		(atLocation ?a ?l)
		(objectAtLocation ?o ?l)
		(toggleable ?o)
		(not (isOn ?o))
		)
        :effect (and 
		(isOn ?o)
		)
)",0.1,0.1,1.0,
TurnObjectOn_1,,"(:action TurnObjectOn_1
        :parameters (?a - agent ?l - location ?o - object ?toolobject - object)

        :precondition (and 
		(atLocation ?a ?l)
		(objectAtLocation ?o ?l)
		(toggleable ?o)
		(not (isOn ?o))
		(holds ?a ?toolobject)
		)
        :effect (and 
		(isOn ?o)
		)
)",0.1,0.1,1.0,
TurnObjectOn_2,,"(:action TurnObjectOn_2
        :parameters (?a - agent ?l - location ?o - object ?toolreceptacle - receptacle)

        :precondition (and 
		(atLocation ?a ?l)
		(objectAtLocation ?o ?l)
		(toggleable ?o)
		(not (isOn ?o))
		(receptacleAtLocation ?toolreceptacle ?l)
		)
        :effect (and 
		(isOn ?o)
		)
)",0.1,0.1,1.0,
DisposeObject_0,,"(:action DisposeObject_0
        :parameters (?toolreceptacle - receptacle ?a - agent ?l - location ?o - object)

        :precondition (and 
		(receptacleType ?toolreceptacle GarbageCanType)
		(atLocation ?a ?l)
		(receptacleAtLocation ?toolreceptacle ?l)
		(holds ?a ?o)
		)
        :effect (and 
		(not (objectAtLocation ?o ?l))
		(not (holds ?a ?o))
		)
)",0.1,0.1,1.0,
DisposeObject_1,,"(:action DisposeObject_1
        :parameters (?a - agent ?l - location ?o - object)

        :precondition (and 
		(atLocation ?a ?l)
		(objectAtLocation ?o ?l)
		(holds ?a ?o)
		)
        :effect (and 
		(not (objectAtLocation ?o ?l))
		(not (holds ?a ?o))
		)
)",0.1,0.1,1.0,
DisposeObject_2,,"(:action DisposeObject_2
        :parameters (?a - agent ?l - location ?o - object)

        :precondition (and 
		(atLocation ?a ?l)
		(objectAtLocation ?o ?l)
		(holds ?a ?o)
		)
        :effect (and 
		(not (objectAtLocation ?o ?l))
		(not (holds ?a ?o))
		)
)",0.1,0.1,1.0,
CleanObject_0,"(:action CleanObject
        :parameters (?a - agent ?l - location ?r - receptacle ?o - object)
        :precondition (and
            (receptacleType ?r SinkBasinType)
            (atLocation ?a ?l)
            (receptacleAtLocation ?r ?l)
            (holds ?a ?o)
        )
        :effect (and
            (isClean ?o)
        )
    )","(:action CleanObject_0
        :parameters (?toolobject - object ?a - agent ?l - location ?o - object)

        :precondition (and 
		(objectType ?toolobject ScrubBrushType)
		(atLocation ?a ?l)
		(objectAtLocation ?o ?l)
		(cleanable ?o)
		(holds ?a ?toolobject)
		)
        :effect (and 
		(isClean ?o)
		)
)",0.1,0.1,1.0,
CleanObject_1,"(:action CleanObject
        :parameters (?a - agent ?l - location ?r - receptacle ?o - object)
        :precondition (and
            (receptacleType ?r SinkBasinType)
            (atLocation ?a ?l)
            (receptacleAtLocation ?r ?l)
            (holds ?a ?o)
        )
        :effect (and
            (isClean ?o)
        )
    )","(:action CleanObject_1
        :parameters (?toolreceptacle - receptacle ?a - agent ?l - location ?o - object)

        :precondition (and 
		(receptacleType ?toolreceptacle SinkBasinType)
		(atLocation ?a ?l)
		(receptacleAtLocation ?toolreceptacle ?l)
		(holds ?a ?o)
		)
        :effect (and 
		(isClean ?o)
		)
)",1.1,1.1,1.0,
ThrowAwayObject_0,,"(:action ThrowAwayObject_0
        :parameters (?toolreceptacle - receptacle ?a - agent ?l - location ?o - object)

        :precondition (and 
		(receptacleType ?toolreceptacle GarbageCanType)
		(atLocation ?a ?l)
		(receptacleAtLocation ?toolreceptacle ?l)
		(holds ?a ?o)
		)
        :effect (and 
		(not (objectAtLocation ?o ?l))
		)
)",0.1,0.1,1.0,
ThrowAwayObject_1,,"(:action ThrowAwayObject_1
        :parameters (?a - agent ?l - location ?o - object)

        :precondition (and 
		(atLocation ?a ?l)
		(objectAtLocation ?o ?l)
		(holds ?a ?o)
		)
        :effect (and 
		(not (objectAtLocation ?o ?l))
		)
)",0.1,0.1,1.0,
ThrowAwayObject_2,,"(:action ThrowAwayObject_2
        :parameters (?r - receptacle ?a - agent ?l - location ?o - object)

        :precondition (and 
		(openable ?r)
		(atLocation ?a ?l)
		(receptacleAtLocation ?r ?l)
		(holds ?a ?o)
		)
        :effect (and 
		(not (objectAtLocation ?o ?l))
		)
)",0.1,0.1,1.0,
MicrowaveObject_0,,"(:action MicrowaveObject_0
        :parameters (?toolreceptacle - receptacle ?a - agent ?l - location ?o - object)

        :precondition (and 
		(receptacleType ?toolreceptacle MicrowaveType)
		(atLocation ?a ?l)
		(receptacleAtLocation ?toolreceptacle ?l)
		(holds ?a ?o)
		)
        :effect (and 
		(isHot ?o)
		)
)",0.1,0.1,1.0,
MicrowaveObject_1,,"(:action MicrowaveObject_1
        :parameters (?toolreceptacle - receptacle ?a - agent ?l - location ?o - object)

        :precondition (and 
		(receptacleType ?toolreceptacle MicrowaveType)
		(atLocation ?a ?l)
		(receptacleAtLocation ?toolreceptacle ?l)
		(holdsAnyReceptacleObject ?a)
		)
        :effect (and 
		(isHot ?o)
		)
)",0.1,0.1,1.0,
RinseObject_1,,"(:action RinseObject_1
        :parameters (?toolobject - object ?a - agent ?l - location ?o - object)

        :precondition (and 
		(objectType ?toolobject SpoonType)
		(atLocation ?a ?l)
		(objectAtLocation ?toolobject ?l)
		(objectAtLocation ?o ?l)
		(holds ?a ?toolobject)
		)
        :effect (and 
		(isClean ?o)
		)
)",0.1,0.1,1.0,
RinseObject_2,,"(:action RinseObject_2
        :parameters (?toolreceptacle - receptacle ?a - agent ?l - location ?o - object)

        :precondition (and 
		(receptacleType ?toolreceptacle SinkBasinType)
		(atLocation ?a ?l)
		(receptacleAtLocation ?toolreceptacle ?l)
		(objectAtLocation ?o ?l)
		(holds ?a ?o)
		)
        :effect (and 
		(isClean ?o)
		)
)",0.1,0.1,1.0,
TurnOnLamp_0,,"(:action TurnOnLamp_0
        :parameters (?a - agent ?l - location ?o - object)

        :precondition (and 
		(atLocation ?a ?l)
		(objectAtLocation ?o ?l)
		(toggleable ?o)
		)
        :effect (and 
		(isOn ?o)
		)
)",0.1,0.1,1.0,
ThrowObject_0,,"(:action ThrowObject_0
        :parameters (?a - agent ?l - location ?o - object)

        :precondition (and 
		(atLocation ?a ?l)
		(objectAtLocation ?o ?l)
		)
        :effect (and 
		(not (objectAtLocation ?o ?l))
		)
)",0.1,0.1,1.0,
ThrowObject_1,,"(:action ThrowObject_1
        :parameters (?a - agent ?l - location ?o - object)

        :precondition (and 
		(atLocation ?a ?l)
		(objectAtLocation ?o ?l)
		)
        :effect (and 
		(not (objectAtLocation ?o ?l))
		)
)",0.1,0.1,1.0,
ThrowObject_2,,"(:action ThrowObject_2
        :parameters (?a - agent ?l - location ?o - object)

        :precondition (and 
		(atLocation ?a ?l)
		(objectAtLocation ?o ?l)
		)
        :effect (and 
		(not (objectAtLocation ?o ?l))
		)
)",0.1,0.1,1.0,
DropObject_0,,"(:action DropObject_0
        :parameters (?a - agent ?l - location ?o - object ?r - receptacle)

        :precondition (and 
		(atLocation ?a ?l)
		(objectAtLocation ?o ?l)
		(receptacleAtLocation ?r ?l)
		(openable ?r)
		(holds ?a ?o)
		)
        :effect (and 
		(inReceptacle ?o ?r)
		(not (holds ?a ?o))
		)
)",0.1,0.1,1.0,
DropObject_2,,"(:action DropObject_2
        :parameters (?a - agent ?l - location ?o - object ?r - receptacle)

        :precondition (and 
		(atLocation ?a ?l)
		(objectAtLocation ?o ?l)
		(receptacleAtLocation ?r ?l)
		(openable ?r)
		(holds ?a ?o)
		)
        :effect (and 
		(inReceptacle ?o ?r)
		(not (holds ?a ?o))
		)
)",0.1,0.1,1.0,
PutdownObject_0,,"(:action PutdownObject_0
        :parameters (?a - agent ?o - object ?l - location)

        :precondition (and 
		(holds ?a ?o)
		(atLocation ?a ?l)
		)
        :effect (and 
		(not (holds ?a ?o))
		(objectAtLocation ?o ?l)
		)
)",0.1,0.1,1.0,
PutdownObject_1,,"(:action PutdownObject_1
        :parameters (?a - agent ?o - object ?l - location ?toolobject - object)

        :precondition (and 
		(holds ?a ?o)
		(atLocation ?a ?l)
		(holds ?a ?toolobject)
		)
        :effect (and 
		(not (holds ?a ?o))
		(not (holds ?a ?toolobject))
		(objectAtLocation ?o ?l)
		)
)",0.1,0.1,1.0,
PutdownObject_2,,"(:action PutdownObject_2
        :parameters (?a - agent ?o - object ?l - location ?r - receptacle)

        :precondition (and 
		(holds ?a ?o)
		(atLocation ?a ?l)
		(receptacleAtLocation ?r ?l)
		)
        :effect (and 
		(not (holds ?a ?o))
		(inReceptacle ?o ?r)
		)
)",0.1,0.1,1.0,
CarryObject_0,,"(:action CarryObject_0
        :parameters (?toolobject - object ?a - agent ?l - location ?o - object)

        :precondition (and 
		(objectType ?toolobject TowelType)
		(atLocation ?a ?l)
		(objectAtLocation ?o ?l)
		(not (holdsAny ?a))
		)
        :effect (and 
		(holds ?a ?o)
		)
)",0.1,0.1,1.0,
CarryObject_1,,"(:action CarryObject_1
        :parameters (?toolobject - object ?a - agent ?l - location ?o - object)

        :precondition (and 
		(objectType ?toolobject BoxType)
		(atLocation ?a ?l)
		(objectAtLocation ?o ?l)
		(not (holdsAny ?a))
		)
        :effect (and 
		(holds ?a ?o)
		)
)",0.1,0.1,1.0,
GrabObject_0,,"(:action GrabObject_0
        :parameters (?a - agent ?l - location ?o - object)

        :precondition (and 
		(atLocation ?a ?l)
		(objectAtLocation ?o ?l)
		)
        :effect (and 
		(holds ?a ?o)
		)
)",50.1,60.1,0.8336106489184693,
PlaceObject_0,,"(:action PlaceObject_0
        :parameters (?a - agent ?l - location ?r - receptacle ?o - object)

        :precondition (and 
		(atLocation ?a ?l)
		(receptacleAtLocation ?r ?l)
		(holds ?a ?o)
		)
        :effect (and 
		(inReceptacle ?o ?r)
		)
)",9.1,12.1,0.7520661157024793,
HeatObject_0,"(:action HeatObject
        :parameters (?a - agent ?l - location ?r - receptacle ?o - object)
        :precondition (and
            (receptacleType ?r MicrowaveType)
            (atLocation ?a ?l)
            (receptacleAtLocation ?r ?l)
            (holds ?a ?o)
        )
        :effect (and
            (isHot ?o)
        )
    )","(:action HeatObject_0
        :parameters (?toolreceptacle - receptacle ?a - agent ?l - location ?o - object)

        :precondition (and 
		(receptacleType ?toolreceptacle MicrowaveType)
		(atLocation ?a ?l)
		(receptacleAtLocation ?toolreceptacle ?l)
		(holds ?a ?o)
		)
        :effect (and 
		(isHot ?o)
		)
)",5.1,7.1,0.7183098591549295,
CarryObject_2,,"(:action CarryObject_2
        :parameters (?a - agent ?l - location ?o - object)

        :precondition (and 
		(atLocation ?a ?l)
		(objectAtLocation ?o ?l)
		(not (holdsAny ?a))
		)
        :effect (and 
		(holds ?a ?o)
		)
)",2.1,3.1,0.6774193548387097,
PlaceObject_2,,"(:action PlaceObject_2
        :parameters (?a - agent ?l - location ?r - receptacle ?o - object)

        :precondition (and 
		(atLocation ?a ?l)
		(receptacleAtLocation ?r ?l)
		(holds ?a ?o)
		)
        :effect (and 
		(inReceptacle ?o ?r)
		)
)",3.1,5.1,0.607843137254902,
SliceObject_0,"(:action SliceObject
        :parameters (?a - agent ?l - location ?co - object ?ko - object)
        :precondition (and
            
            
            
            
            
            (objectType ?ko KnifeType)
            (atLocation ?a ?l)
            (objectAtLocation ?co ?l)
            (sliceable ?co)
            (holds ?a ?ko)
            (forall (?re - receptacle)
                when (receptacleType ?re MicrowaveType)
                    (not (inReceptacle ?co ?re))
            )
        )
        :effect (and
            (isSliced ?co)
        )
    )","(:action SliceObject_0
        :parameters (?a - agent ?l - location ?o - object)

        :precondition (and 
		(atLocation ?a ?l)
		(objectAtLocation ?o ?l)
		(sliceable ?o)
		)
        :effect (and 
		(isSliced ?o)
		)
)",0.1,1.1,0.09090909090909091,
SliceObject_2,"(:action SliceObject
        :parameters (?a - agent ?l - location ?co - object ?ko - object)
        :precondition (and
            
            
            
            
            
            (objectType ?ko KnifeType)
            (atLocation ?a ?l)
            (objectAtLocation ?co ?l)
            (sliceable ?co)
            (holds ?a ?ko)
            (forall (?re - receptacle)
                when (receptacleType ?re MicrowaveType)
                    (not (inReceptacle ?co ?re))
            )
        )
        :effect (and
            (isSliced ?co)
        )
    )","(:action SliceObject_2
        :parameters (?toolreceptacle - receptacle ?a - agent ?l - location ?o - object)

        :precondition (and 
		(receptacleType ?toolreceptacle DrawerType)
		(atLocation ?a ?l)
		(receptacleAtLocation ?toolreceptacle ?l)
		(holds ?a ?o)
		)
        :effect (and 
		(isSliced ?o)
		)
)",0.1,1.1,0.09090909090909091,
CutObject_1,,"(:action CutObject_1
        :parameters (?a - agent ?l - location ?o - object ?toolobject - object)

        :precondition (and 
		(atLocation ?a ?l)
		(objectAtLocation ?o ?l)
		(holds ?a ?toolobject)
		)
        :effect (and 
		(isSliced ?o)
		)
)",0.1,1.1,0.09090909090909091,
HeatObject_1,"(:action HeatObject
        :parameters (?a - agent ?l - location ?r - receptacle ?o - object)
        :precondition (and
            (receptacleType ?r MicrowaveType)
            (atLocation ?a ?l)
            (receptacleAtLocation ?r ?l)
            (holds ?a ?o)
        )
        :effect (and
            (isHot ?o)
        )
    )","(:action HeatObject_1
        :parameters (?toolreceptacle - receptacle ?a - agent ?l - location ?o - object)

        :precondition (and 
		(receptacleType ?toolreceptacle StoveBurnerType)
		(atLocation ?a ?l)
		(receptacleAtLocation ?toolreceptacle ?l)
		(holds ?a ?o)
		)
        :effect (and 
		(isHot ?o)
		)
)",0.1,1.1,0.09090909090909091,
HeatObject_2,"(:action HeatObject
        :parameters (?a - agent ?l - location ?r - receptacle ?o - object)
        :precondition (and
            (receptacleType ?r MicrowaveType)
            (atLocation ?a ?l)
            (receptacleAtLocation ?r ?l)
            (holds ?a ?o)
        )
        :effect (and
            (isHot ?o)
        )
    )","(:action HeatObject_2
        :parameters (?a - agent ?l - location ?o - object)

        :precondition (and 
		(atLocation ?a ?l)
		(objectAtLocation ?o ?l)
		(holds ?a ?o)
		)
        :effect (and 
		(isHot ?o)
		)
)",0.1,1.1,0.09090909090909091,
WashObject_2,,"(:action WashObject_2
        :parameters (?a - agent ?l - location ?o - object)

        :precondition (and 
		(atLocation ?a ?l)
		(objectAtLocation ?o ?l)
		(cleanable ?o)
		)
        :effect (and 
		(isClean ?o)
		)
)",0.1,1.1,0.09090909090909091,
WarmObject_1,,"(:action WarmObject_1
        :parameters (?toolreceptacle - receptacle ?a - agent ?l - location ?o - object)

        :precondition (and 
		(receptacleType ?toolreceptacle StoveBurnerType)
		(atLocation ?a ?l)
		(receptacleAtLocation ?toolreceptacle ?l)
		(holds ?a ?o)
		)
        :effect (and 
		(isHot ?o)
		)
)",0.1,1.1,0.09090909090909091,
ChillObject_1,,"(:action ChillObject_1
        :parameters (?toolreceptacle - receptacle ?a - agent ?l - location ?o - object)

        :precondition (and 
		(receptacleType ?toolreceptacle FridgeType)
		(atLocation ?a ?l)
		(receptacleAtLocation ?toolreceptacle ?l)
		(holds ?a ?o)
		)
        :effect (and 
		(isCool ?o)
		)
)",0.1,1.1,0.09090909090909091,
RinseObject_0,,"(:action RinseObject_0
        :parameters (?a - agent ?l - location ?o - object)

        :precondition (and 
		(atLocation ?a ?l)
		(objectAtLocation ?o ?l)
		)
        :effect (and 
		(isClean ?o)
		)
)",0.1,1.1,0.09090909090909091,
SliceObject_1,"(:action SliceObject
        :parameters (?a - agent ?l - location ?co - object ?ko - object)
        :precondition (and
            
            
            
            
            
            (objectType ?ko KnifeType)
            (atLocation ?a ?l)
            (objectAtLocation ?co ?l)
            (sliceable ?co)
            (holds ?a ?ko)
            (forall (?re - receptacle)
                when (receptacleType ?re MicrowaveType)
                    (not (inReceptacle ?co ?re))
            )
        )
        :effect (and
            (isSliced ?co)
        )
    )","(:action SliceObject_1
        :parameters (?a - agent ?l - location ?o - object ?toolobject - object)

        :precondition (and 
		(atLocation ?a ?l)
		(objectAtLocation ?o ?l)
		(sliceable ?o)
		(holds ?a ?toolobject)
		)
        :effect (and 
		(isSliced ?o)
		)
)",0.1,2.1,0.047619047619047616,
CoolObject_0,"(:action CoolObject
        :parameters (?a - agent ?l - location ?r - receptacle ?o - object)
        :precondition (and
            (receptacleType ?r FridgeType)
            (atLocation ?a ?l)
            (receptacleAtLocation ?r ?l)
            (holds ?a ?o)
        )
        :effect (and
            (isCool ?o)
        )
    )","(:action CoolObject_0
        :parameters (?a - agent ?l - location ?toolreceptacle - receptacle ?o - object)

        :precondition (and 
		(atLocation ?a ?l)
		(receptacleAtLocation ?toolreceptacle ?l)
		(holds ?a ?o)
		)
        :effect (and 
		(isCool ?o)
		)
)",0.1,2.1,0.047619047619047616,
CoolObject_1,"(:action CoolObject
        :parameters (?a - agent ?l - location ?r - receptacle ?o - object)
        :precondition (and
            (receptacleType ?r FridgeType)
            (atLocation ?a ?l)
            (receptacleAtLocation ?r ?l)
            (holds ?a ?o)
        )
        :effect (and
            (isCool ?o)
        )
    )","(:action CoolObject_1
        :parameters (?a - agent ?l - location ?o - object ?toolobject - object)

        :precondition (and 
		(atLocation ?a ?l)
		(objectAtLocation ?o ?l)
		(holds ?a ?toolobject)
		)
        :effect (and 
		(isCool ?o)
		)
)",0.1,2.1,0.047619047619047616,
CoolObject_2,"(:action CoolObject
        :parameters (?a - agent ?l - location ?r - receptacle ?o - object)
        :precondition (and
            (receptacleType ?r FridgeType)
            (atLocation ?a ?l)
            (receptacleAtLocation ?r ?l)
            (holds ?a ?o)
        )
        :effect (and
            (isCool ?o)
        )
    )","(:action CoolObject_2
        :parameters (?a - agent ?l - location ?o - object)

        :precondition (and 
		(atLocation ?a ?l)
		(objectAtLocation ?o ?l)
		(coolable ?o)
		)
        :effect (and 
		(isCool ?o)
		)
)",0.1,2.1,0.047619047619047616,
WarmObject_2,,"(:action WarmObject_2
        :parameters (?a - agent ?l - location ?o - object)

        :precondition (and 
		(atLocation ?a ?l)
		(objectAtLocation ?o ?l)
		(holds ?a ?o)
		)
        :effect (and 
		(isHot ?o)
		)
)",0.1,2.1,0.047619047619047616,
ChillObject_2,,"(:action ChillObject_2
        :parameters (?a - agent ?l - location ?o - object ?toolobject - object)

        :precondition (and 
		(atLocation ?a ?l)
		(objectAtLocation ?o ?l)
		(coolable ?o)
		(holds ?a ?toolobject)
		)
        :effect (and 
		(isCool ?o)
		)
)",0.1,2.1,0.047619047619047616,
CleanObject_2,"(:action CleanObject
        :parameters (?a - agent ?l - location ?r - receptacle ?o - object)
        :precondition (and
            (receptacleType ?r SinkBasinType)
            (atLocation ?a ?l)
            (receptacleAtLocation ?r ?l)
            (holds ?a ?o)
        )
        :effect (and
            (isClean ?o)
        )
    )","(:action CleanObject_2
        :parameters (?a - agent ?l - location ?o - object)

        :precondition (and 
		(atLocation ?a ?l)
		(objectAtLocation ?o ?l)
		(cleanable ?o)
		)
        :effect (and 
		(isClean ?o)
		)
)",0.1,2.1,0.047619047619047616,
MicrowaveObject_2,,"(:action MicrowaveObject_2
        :parameters (?a - agent ?l - location ?o - object)

        :precondition (and 
		(atLocation ?a ?l)
		(objectAtLocation ?o ?l)
		)
        :effect (and 
		(isHot ?o)
		)
)",0.1,2.1,0.047619047619047616,
